!Required final counter 1 value =       2 ; Required final counter 2 value =       3
!       #iomp    #batch  #history       #no     #name        #reg  EdepA(MeV)      xA(cm)      yA(cm)      zA(cm)      tA(ns)        #reg  EdepB(MeV)      xB(cm)      yB(cm)      zB(cm)      tB(ns)        #reg  EdepC(MeV)      xC(cm)      yC(cm)      zC(cm)      tC(ns)
!ncol   Z   N jcl kcl nclsts
!In/Out kf-code     E(MeV)      weight 

ge 0 0 0 0 0 ; 1 1.77146 112.636 4.13214 -3.57857 3.76155 , 2 0.106892 100.48 0.986304 -2.78008 4.20088 , 3 0 0 0 0 0 ,

ge 0 0 0 1 0 ; 1 1.29318 100.568 -3.15477 3.4079 3.35816 , 2 0.252466 106.452 1.85631 -3.4148 3.70204 , 3 0.125342 112.062 2.89522 -2.98566 3.89289 ,

ge 0 0 0 2 0 ; 1 1.09144 100.701 4.6052 2.467 3.36353 , 2 0.667144 106.823 -1.20724 2.56591 3.64515 , 3 0.0557018 100.314 -1.30688 -2.91257 3.92896 ,

ge 0 0 0 3 0 ; 1 0.923347 100.207 0.390291 3.57103 3.34468 , 2 0.567589 106.31 -4.37189 3.0105 3.60358 , 3 0.275099 112.88 -2.36142 -3.28442 3.9144 ,

ge 0 0 0 4 0 ; 1 0.702412 100.186 -0.263692 -2.76976 3.34313 , 2 0.732256 106.214 -3.79861 -3.51527 3.57756 , 3 0.287749 112.628 -3.16837 3.00866 3.88346 ,

ge 0 0 0 5 0 ; 1 1.62584 112.613 -3.589 3.31387 3.75989 , 2 0.199059 112.12 -4.07374 -2.53729 3.95643 , 3 0.0255356 106.251 0.732396 2.68244 4.26356 ,

ge 0 0 0 6 0 ; 1 1.18562 101.137 -2.87735 3.11516 3.37654 , 2 0.578399 106.708 -4.12935 -3.32084 3.66352 , 3 0.0375775 106.648 5.33264 2.94981 4.04217 ,

ge 0 0 0 7 0 ; 1 0.799607 100.585 -1.7228 3.00192 3.35715 , 2 0.976181 112.68 -6.17228 -3.48046 3.83835 , 3 0.012015 101.03 -6.0188 -3.18796 4.22711 ,

ge 0 0 0 8 0 ; 1 1.57385 112.591 1.32063 -3.55164 3.7578 , 2 0.143923 113.18 -0.970439 2.72406 3.98151 , 3 0 0 0 0 0 ,

ge 0 0 0 9 0 ; 1 1.11638 101.003 2.15344 2.52345 3.37092 , 2 0.367551 106.186 1.16683 -2.70163 3.6186 , 3 0.280558 112.771 4.65814 -3.066 3.86752 ,

ge 0 0 0 10 0 ; 1 1.61693 106.643 -3.60374 2.61664 3.56032 , 2 0.216822 106.35 -3.42771 -2.90515 3.74486 , 3 0.0640951 112.244 -1.41457 3.43428 4.04132 ,

ge 0 0 0 11 0 ; 1 0.186083 100.616 -5.75229 2.42658 3.36263 , 2 1.176 106.52 -5.08935 3.51102 3.56409 , 3 0.453987 112.077 -4.24706 -3.40376 3.86132 ,

ge 0 0 0 12 0 ; 1 0.442357 100.973 -2.66578 -3.26086 3.37101 , 2 0.484905 106.96 -0.432141 -3.44449 3.58426 , 3 0.841368 112.824 -1.37113 -2.41035 3.78535 ,

ge 0 0 0 13 0 ; 1 1.61397 107.174 2.64792 -3.06188 3.5775 , 2 0.186315 106.841 5.12155 2.94625 3.79452 , 3 0.0133474 100.849 -5.3055 3.12616 4.23485 ,

ge 0 0 0 14 0 ; 1 1.57495 100.682 -5.12782 -2.47884 3.36376 , 2 0.179287 101.034 -5.93196 2.5005 3.53241 , 3 0.039127 106.399 -3.57003 3.24105 3.72952 ,

ge 0 0 0 15 0 ; 1 1.20986 100.728 6.6887 3.49677 3.36933 , 2 0.396917 106.409 6.62444 -3.36599 3.66653 , 3 0.220623 112.897 4.69163 3.26361 4.16744 ,

ge 0 0 0 16 0 ; 1 0.65201 100.798 -0.394353 -3.53893 3.36436 , 2 0.293907 106.233 2.27349 -2.49463 3.56931 , 3 0.742907 112.977 4.9433 2.78369 3.86853 ,

ge 0 0 0 17 0 ; 1 1.14775 101.02 -6.55175 -2.66637 3.37791 , 2 0.472979 107.198 -3.58268 2.97418 3.67401 , 3 0.223732 112.303 6.05067 -2.79206 4.08541 ,

ge 0 0 0 18 0 ; 1 0.487019 101.142 -2.2408 2.43135 3.37554 , 2 1.06349 106.915 -4.88718 2.42678 3.58737 , 3 0.200127 113.01 2.95165 -3.04854 3.9656 ,

ge 0 0 0 19 0 ; 1 1.60521 100.324 0.964466 3.26644 3.34838 , 2 0.194617 100.256 -4.43814 -2.47111 3.61127 , 3 0.0417164 106.431 -6.71135 2.53107 3.88698 ,

ge 0 0 0 20 0 ; 1 1.61123 106.149 2.4935 -3.47021 3.54362 , 2 0.192534 106.004 -0.382518 3.31379 3.78945 , 3 0.0716866 100.514 3.70887 2.76971 4.01855 ,

ge 0 0 0 21 0 ; 1 1.57947 106.049 4.12508 3.1798 3.54178 , 2 0.187667 106.492 2.3522 -3.47552 3.77199 , 3 0 0 0 0 0 ,

ge 0 0 0 22 0 ; 1 1.59595 106.034 0.538696 -3.52173 3.53892 , 2 0.223659 106.19 0.125126 2.89875 3.75359 , 3 0.076525 113.16 4.50024 -2.59716 4.08408 ,

ge 0 0 0 23 0 ; 1 1.75271 107.09 -0.188165 -2.76289 3.57332 , 2 0.109695 100.075 -0.577571 2.56307 3.86738 , 3 0.0225479 100.391 0.0658804 -3.24721 4.06266 ,

ge 0 0 0 24 0 ; 1 0.848972 101.18 3.54599 -3.15904 3.37872 , 2 0.920099 106.372 0.0840189 -3.14072 3.58686 , 3 0 0 0 0 0 ,

ge 0 0 0 25 0 ; 1 0.120846 100.38 -5.29768 -2.85107 3.35432 , 2 1.45824 113.161 -3.77637 -2.43784 3.78389 , 3 0.194883 112.672 3.19896 2.98732 4.07911 ,

ge 0 0 0 26 0 ; 1 1.57488 100.089 2.4419 3.22663 3.34133 , 2 0.135947 100.788 -1.34668 -3.18489 3.59084 , 3 0.0124132 106.138 -6.07443 -3.43221 3.82913 ,

ge 0 0 0 27 0 ; 1 1.5651 112.215 0.432016 -2.79975 3.74428 , 2 0.23924 112.793 -0.927183 2.47577 3.92702 , 3 0.0773496 106.76 -6.13528 -2.45496 4.23962 ,

ge 0 0 0 28 0 ; 1 0.253859 100.438 1.42658 -3.06153 3.35213 , 2 1.28618 112.133 -1.55374 -2.55527 3.75507 , 3 0.236529 112.101 -5.91174 2.93963 3.98901 ,

ge 0 0 0 29 0 ; 1 1.60698 112.487 -5.65544 -3.44969 3.75877 , 2 0.151284 112.317 3.03784 3.01886 4.12026 , 3 0.0370023 100.08 3.7923 3.11832 4.10872 ,

ge 0 0 0 30 0 ; 1 1.18158 101.133 5.68949 2.8675 3.38013 , 2 0.603422 106.624 4.74209 -3.3134 3.65771 , 3 0.0871068 100.969 5.58024 -2.63326 3.84974 ,

ge 0 0 0 31 0 ; 1 1.62892 106.92 0.528279 -3.09788 3.56799 , 2 0.195961 106.133 5.4976 2.64563 3.82268 , 3 0.0382493 112.598 -2.66403 3.09695 4.17033 ,

ge 0 0 0 32 0 ; 1 1.73332 112.284 0.600224 2.98191 3.74675 , 2 0.124993 106.44 3.43023 -3.35604 4.0494 , 3 0.125572 112.24 0.0709918 -3.22166 4.00895 ,

ge 0 0 0 33 0 ; 1 1.76343 106.36 -3.73047 2.6161 3.55104 , 2 0.11238 100.31 -6.09163 3.57377 3.77001 , 3 0.0341811 112.208 -0.499269 -2.64334 4.25511 ,

ge 0 0 0 34 0 ; 1 1.70907 113.115 5.14805 -2.57026 3.77797 , 2 0.133283 106.968 -5.30512 3.28734 4.22718 , 3 0.0336168 112.66 -5.3021 2.90416 4.41745 ,

ge 0 0 0 35 0 ; 1 0.100614 100.077 0.485494 2.95132 3.33969 , 2 0.102626 106.723 -0.575151 3.31207 3.56453 , 3 1.54074 112.219 -1.44 2.63013 3.75147 ,

ge 0 0 0 36 0 ; 1 1.56687 100.378 1.85812 2.57474 3.34991 , 2 0.219039 101.09 -2.15998 -2.66792 3.57152 , 3 0.0720939 106.231 1.76447 -3.2727 3.78821 ,

ge 0 0 0 37 0 ; 1 1.58048 106.659 0.25063 3.13683 3.55931 , 2 0.167483 107.065 -0.96341 -2.80993 3.76221 , 3 0.102258 112.554 -4.65817 -2.97168 3.98301 ,

ge 0 0 0 38 0 ; 1 1.72347 106.062 0.907387 -2.91433 3.53932 , 2 0.129597 100.645 -6.5915 -2.84757 3.8479 , 3 0.0232385 112.703 -4.95335 2.41169 4.29007 ,

ge 0 0 0 39 0 ; 1 0.107679 100.755 2.22911 -2.95972 3.3631 , 2 1.15014 107.172 1.33353 -2.77776 3.57929 , 3 0.191532 112.467 6.85087 -3.40857 3.83524 ,

ge 0 0 0 40 0 ; 1 1.14112 100.444 0.715458 -2.89286 3.35192 , 2 0.180406 106.753 4.88192 2.61178 3.66388 , 3 0.330487 112.414 6.66794 3.3219 3.86329 ,

ge 0 0 0 41 0 ; 1 1.10666 100.526 0.738753 3.06036 3.35483 , 2 0.672215 107.191 3.30597 -3.19684 3.67157 , 3 0.0540297 100.804 -0.886182 -3.15326 3.9264 ,

ge 0 0 0 42 0 ; 1 0.440516 101.108 4.58119 2.98767 3.37753 , 2 0.745673 106.457 2.76525 2.6671 3.56626 , 3 0.616942 112.386 5.68129 3.20557 3.78738 ,

ge 0 0 0 43 0 ; 1 1.61309 106.777 -5.3741 -3.50499 3.56811 , 2 0.199571 106.715 -0.254475 2.5525 3.83267 , 3 0.0331288 100.675 1.33594 -3.48024 4.12231 ,

ge 0 0 0 44 0 ; 1 0.397827 100.438 0.780077 -2.628 3.35149 , 2 0.421416 106.124 -1.15124 -3.57609 3.55429 , 3 0.610431 112.222 -0.474837 -3.28464 3.75919 ,

ge 0 0 0 45 0 ; 1 1.59056 112.434 -3.11306 -2.78631 3.75299 , 2 0.143516 112.845 3.6568 3.47093 4.0608 , 3 0.121341 107.027 6.90988 3.54314 4.28316 ,

ge 0 0 0 46 0 ; 1 1.31992 106.763 -2.06485 -3.02423 3.56331 , 2 0.461951 112.725 5.45335 2.7653 3.93713 , 3 0.0547855 100.589 -2.30983 -2.73733 4.22612 ,

ge 0 0 0 47 0 ; 1 1.60113 100.442 3.17548 2.7229 3.3533 , 2 0.196069 100.555 -1.26483 -3.4381 3.60665 , 3 0.0225863 106.859 -5.99521 3.09812 3.94819 ,

ge 0 0 0 48 0 ; 1 1.75898 112.289 -3.00279 3.43141 3.74864 , 2 0.107531 100.794 -0.502538 -3.39532 4.20232 , 3 0 0 0 0 0 ,

ge 0 0 0 49 0 ; 1 1.2554 100.331 2.54205 3.07362 3.34933 , 2 0.47071 106.035 -1.71139 -3.20054 3.66577 , 3 0.0115016 106.991 -6.70513 3.29171 3.94083 ,

ge 0 0 0 50 0 ; 1 0.373923 106.196 -3.6533 -2.98674 3.546 , 2 1.02701 112.94 -1.43254 -2.66349 3.78309 , 3 0.0962657 113.088 -1.56889 -2.71394 3.79002 ,

ge 0 0 0 51 0 ; 1 1.13196 106.001 1.9304 -2.40625 3.5373 , 2 0.655095 112.108 -2.34032 2.4118 3.8333 , 3 0.0257296 106.558 0.906871 2.70992 4.04802 ,

ge 0 0 0 52 0 ; 1 1.59338 106.375 -0.0749604 2.79144 3.54951 , 2 0.162934 106.512 1.29943 -2.6425 3.73653 , 3 0.0646781 101.091 2.90188 -3.31166 3.92639 ,

ge 0 0 0 53 0 ; 1 0.864203 106.295 -0.694238 -3.34515 3.54746 , 2 0.879123 112.631 3.80131 -2.67042 3.80757 , 3 0.119658 100.402 6.9216 3.51064 4.27633 ,

ge 0 0 0 54 0 ; 1 0.3681 100.326 -1.85103 2.56768 3.34817 , 2 1.17191 112.049 2.07086 2.91788 3.7607 , 3 0 0 0 0 0 ,

ge 0 0 0 55 0 ; 1 0.457919 100.654 -4.94081 -3.30317 3.36329 , 2 0.648975 106.818 -2.89588 -2.6511 3.58103 , 3 0.608563 112.708 5.03714 2.89125 3.95891 ,

ge 0 0 0 56 0 ; 1 1.60289 112.417 -0.969277 -3.20443 3.75148 , 2 0.206996 112.398 -1.12756 3.06138 3.96055 , 3 0.0349765 100.175 4.08759 -2.64611 4.44297 ,

ge 0 0 0 57 0 ; 1 0.809972 100.086 0.789463 -2.84477 3.33997 , 2 0.681059 106.886 5.5054 -3.33987 3.6165 , 3 0.309449 112.686 2.20428 -2.80929 3.83981 ,

ge 0 0 0 58 0 ; 1 1.63622 112.881 0.362601 2.87913 3.76653 , 2 0.146367 112.105 0.862685 -3.28818 3.97454 , 3 0.0965294 106.777 3.05347 -2.75849 4.16751 ,

ge 0 0 0 59 0 ; 1 1.61115 107.01 -3.69248 2.88286 3.57288 , 2 0.13894 106.881 2.63162 -2.85279 3.8577 , 3 0.0843907 101.067 4.38792 -3.22671 4.06069 ,

ge 0 0 0 60 0 ; 1 1.10932 100.204 -0.658157 -2.41938 3.3435 , 2 0.467843 106.301 1.58599 3.38582 3.63412 , 3 0.178093 112.22 -3.71885 3.5781 3.89933 ,

ge 0 0 0 61 0 ; 1 1.60602 113.085 -1.14402 -3.26066 3.77387 , 2 0.172208 113.001 -1.65823 2.86177 3.97883 , 3 0.0101102 100.58 6.73511 3.28895 4.47908 ,

ge 0 0 0 62 0 ; 1 1.17519 100.308 -3.5665 3.56137 3.35012 , 2 0.577471 106.623 -4.13771 -3.5814 3.66872 , 3 0.0665688 100.016 5.96156 -3.01732 4.0717 ,

ge 0 0 0 63 0 ; 1 0.549049 107.088 -0.574688 3.17251 3.5737 , 2 1.10388 112.111 -2.84855 2.53362 3.75884 , 3 0.119253 112.419 1.27123 -2.72458 3.98189 ,

ge 0 0 0 64 0 ; 1 0.223648 100.424 0.722845 -3.2088 3.35157 , 2 1.55265 112.055 -2.16827 -3.08437 3.75138 , 3 0.0189415 106.818 -0.486868 -2.88105 3.93498 ,

ge 0 0 0 65 0 ; 1 1.07266 100.402 -3.66902 -2.80506 3.35258 , 2 0.62925 106.351 1.90057 -2.85396 3.62443 , 3 0.106402 100.631 5.81288 3.55711 3.93935 ,

ge 0 0 0 66 0 ; 1 1.70183 112.107 3.6761 3.10695 3.74293 , 2 0.135506 107.091 -6.89741 2.85885 4.13339 , 3 0.0409612 100.872 2.12862 -3.21648 4.55141 ,

ge 0 0 0 67 0 ; 1 1.59019 112.436 3.28551 -3.27166 3.75364 , 2 0.237767 112.784 -0.421869 2.86214 3.99299 , 3 0.0199055 106.085 2.76041 -2.65628 4.30136 ,

ge 0 0 0 68 0 ; 1 0.814775 100.636 0.538968 -3.23081 3.35863 , 2 0.781748 106.861 -3.63162 -2.81748 3.60896 , 3 0.234459 112.514 2.37193 3.28725 3.9512 ,

ge 0 0 0 69 0 ; 1 1.29339 100.595 6.02591 -3.57334 3.36362 , 2 0.41598 106.937 0.0262117 2.76707 3.72353 , 3 0.146439 101.148 -5.30863 3.03962 3.9863 ,

ge 0 0 0 70 0 ; 1 0.694529 106.163 -5.91976 2.68941 3.54784 , 2 0.824366 112.861 -2.52019 2.51645 3.79847 , 3 0.264973 112.877 2.98612 -3.30923 4.06586 ,

ge 0 0 0 71 0 ; 1 1.71591 106.053 -3.78835 3.25453 3.54146 , 2 0.146191 100.11 6.16939 2.85558 3.92849 , 3 0.0175934 112.626 -6.26975 -3.07107 4.54939 ,

ge 0 0 0 72 0 ; 1 1.17385 100.943 -2.82978 -2.43819 3.36941 , 2 0.205355 106.398 0.255384 2.88136 3.64359 , 3 0.255762 112.504 5.87869 3.59957 3.92153 ,

ge 0 0 0 73 0 ; 1 1.74313 112.208 1.83439 -2.48263 3.74426 , 2 0.113527 106.327 1.39072 3.20294 4.01751 , 3 0 0 0 0 0 ,

ge 0 0 0 74 0 ; 1 1.06415 106.444 2.62488 -3.02414 3.5531 , 2 0.731542 112.54 2.78637 2.69881 3.83206 , 3 0.0904413 100.843 4.34136 -3.468 4.27616 ,

ge 0 0 0 75 0 ; 1 0.801379 101.179 4.86275 -3.07592 3.3804 , 2 0.984813 112.233 1.79525 2.85759 3.81124 , 3 0.0268396 106.058 2.78373 -2.75693 4.09156 ,

ge 0 0 0 76 0 ; 1 1.61494 100.353 -5.08944 3.55434 3.3538 , 2 0.197403 100.162 -4.16452 -2.83828 3.56935 , 3 0.0297476 106.089 3.60795 2.58414 3.94219 ,

ge 0 0 0 77 0 ; 1 1.61166 112.916 -4.83209 -2.73758 3.77102 , 2 0.225128 112.807 -0.183922 3.01928 4.01785 , 3 0 0 0 0 0 ,

ge 0 0 0 78 0 ; 1 0.831909 106.281 0.465189 -3.00709 3.5466 , 2 0.939627 113.017 -4.22715 -3.12371 3.82047 , 3 0.0658093 106.823 -0.393369 2.49539 4.12735 ,

ge 0 0 0 79 0 ; 1 1.60834 101.088 1.84246 2.86728 3.37385 , 2 0.204558 100.992 -0.543374 -2.64738 3.5743 , 3 0.0495744 112.794 0.67218 2.66137 4.00788 ,

ge 0 0 0 80 0 ; 1 1.61281 106.917 1.28092 -2.41102 3.56754 , 2 0.18397 106.612 4.34111 2.71736 3.76701 , 3 0.018666 100.577 2.61847 -3.43007 4.22989 ,

ge 0 0 0 81 0 ; 1 1.16773 100.732 -0.83509 -3.44028 3.36212 , 2 0.615468 106.552 -3.11893 2.70873 3.65463 , 3 0.0518056 106.451 -2.27214 -3.02986 3.84815 ,

ge 0 0 0 82 0 ; 1 1.73418 112.471 3.14989 -3.19635 3.7546 , 2 0.126567 106.685 4.01922 3.53543 4.05209 , 3 0.0356719 112.434 2.14267 2.67069 4.25587 ,

ge 0 0 0 83 0 ; 1 1.22945 100.461 0.184761 -3.49315 3.35306 , 2 0.562242 107.107 -5.65425 2.75134 3.71426 , 3 0.0394658 100.107 -4.27065 3.28889 3.99252 ,

ge 0 0 0 84 0 ; 1 1.23165 107.038 -1.511 -2.66488 3.57188 , 2 0.545701 112.261 -6.23158 2.50846 3.86329 , 3 0.0452915 101.042 -5.54818 2.49887 4.23819 ,

ge 0 0 0 85 0 ; 1 0.186438 106.634 -3.86899 3.1629 3.56084 , 2 1.47625 112.933 -5.54074 3.00079 3.77828 , 3 0.0580496 112.507 3.76532 -3.42454 4.15577 ,

ge 0 0 0 86 0 ; 1 0.247344 100.084 3.47732 2.43131 3.34143 , 2 0.995452 106.225 2.01442 2.72649 3.55223 , 3 0.531146 112.06 6.6714 3.46517 3.80247 ,

ge 0 0 0 87 0 ; 1 1.12904 100.143 0.557427 -2.50686 3.34152 , 2 0.249127 107.074 5.30601 3.24856 3.68121 , 3 0.0329276 112.757 6.50417 3.27774 3.87495 ,

ge 0 0 0 88 0 ; 1 0.710672 106.931 -2.31648 2.91601 3.56898 , 2 1.06444 113.135 -6.17556 3.55693 3.81365 , 3 0.0241187 101.194 -3.69404 -2.52571 4.26826 ,

ge 0 0 0 89 0 ; 1 1.59356 106.739 0.771134 2.73209 3.56168 , 2 0.232041 106.882 -0.868973 -2.81228 3.7546 , 3 0.0377885 100.649 0.48098 2.41535 4.02968 ,

ge 0 0 0 90 0 ; 1 0.412798 100.134 0.307623 -3.41102 3.34206 , 2 0.712062 107.1 -2.30696 -3.23622 3.59033 , 3 0.235198 112.066 -0.320618 -3.32957 3.76875 ,

ge 0 0 0 91 0 ; 1 0.724412 106.084 1.57918 -3.43164 3.54081 , 2 1.05062 112.29 5.27661 -2.49887 3.78378 , 3 0.0421139 100.771 5.02778 -3.55977 4.16971 ,

ge 0 0 0 92 0 ; 1 0.308843 100.058 2.1133 -3.05822 3.33987 , 2 0.85669 106.005 0.556139 -2.43263 3.54598 , 3 0.237808 112.966 3.37548 3.46329 3.86449 ,

ge 0 0 0 93 0 ; 1 0.385169 101.002 -3.63627 2.74619 3.37248 , 2 0.171373 106.425 -1.97785 3.56137 3.5636 , 3 1.20346 112.257 -1.35703 3.23354 3.75953 ,

ge 0 0 0 94 0 ; 1 1.73609 106.079 -0.750129 -2.92194 3.53986 , 2 0.120824 100.828 -0.325633 3.03928 3.80523 , 3 0.0451367 100.235 1.60635 -3.09334 4.02061 ,

ge 0 0 0 95 0 ; 1 1.73962 107.067 1.94098 -2.82915 3.57319 , 2 0.121361 100.889 -1.06527 3.02957 3.87438 , 3 0 0 0 0 0 ,

ge 0 0 0 96 0 ; 1 1.5624 106.005 -0.837253 2.49423 3.53702 , 2 0.224494 106.962 6.03109 -2.96282 3.83137 , 3 0.0906262 100.732 4.77343 -3.27102 4.0436 ,

ge 0 0 0 97 0 ; 1 1.44222 100.898 -6.56301 -2.41363 3.37367 , 2 0.316212 106.276 4.62296 2.44848 3.81831 , 3 0.022241 112.212 2.1089 -2.91273 4.09798 ,

ge 0 0 0 98 0 ; 1 1.57691 106.344 -5.39685 3.03042 3.55327 , 2 0.231375 106.866 -4.61367 -3.24262 3.76486 , 3 0.0409723 112.279 1.45616 2.59927 4.09887 ,

ge 0 0 0 99 0 ; 1 0.942252 101.163 1.65187 3.15495 3.37653 , 2 0.400606 106.891 6.47813 2.79447 3.62667 , 3 0.241615 112.466 6.03067 3.14732 3.81359 ,

ge 0 0 0 100 0 ; 1 0.220374 100.665 -1.52852 3.51047 3.36025 , 2 1.03796 106.762 -0.756581 2.42639 3.56841 , 3 0.45119 112.026 -5.90564 2.94842 3.81466 ,

ge 0 0 0 101 0 ; 1 0.261393 101.11 0.887131 -2.85534 3.37414 , 2 0.158185 106.078 -0.484196 -3.04905 3.54619 , 3 1.30858 112.949 -0.705943 -2.9331 3.77552 ,

ge 0 0 0 102 0 ; 1 1.13959 106.648 6.24957 3.07137 3.56499 , 2 0.554523 113.052 -0.210784 3.42789 3.86865 , 3 0.0999483 106.744 -5.67929 -3.1182 4.22252 ,

ge 0 0 0 103 0 ; 1 1.72549 112.36 -0.415482 -2.71459 3.74905 , 2 0.103366 107.018 6.55386 -3.56121 4.04333 , 3 0 0 0 0 0 ,

ge 0 0 0 104 0 ; 1 0.264924 100.449 -3.27095 3.55507 3.35448 , 2 1.24629 107.103 -5.09109 2.73135 3.58623 , 3 0.0899821 112.462 4.1419 3.17665 3.94264 ,

ge 0 0 0 105 0 ; 1 1.61302 112.318 -1.80922 3.57415 3.74889 , 2 0.164141 112.024 -4.13561 -3.3696 3.99336 , 3 0.0285609 100.831 -3.30008 -3.50077 4.36779 ,

ge 0 0 0 106 0 ; 1 1.24356 100.486 3.07525 -3.12905 3.35503 , 2 0.47338 107.137 -3.05639 2.79973 3.71581 , 3 0.0605802 112.687 -0.363293 -2.57928 3.98883 ,

ge 0 0 0 107 0 ; 1 0.698327 101.04 -2.56022 2.97944 3.37289 , 2 0.306669 106.206 0.280107 2.89914 3.56954 , 3 0.77681 112.511 0.320372 2.62409 3.78006 ,

ge 0 0 0 108 0 ; 1 1.60863 100.591 -1.05732 2.84091 3.35687 , 2 0.192087 100.479 0.658967 -2.42903 3.54178 , 3 0.0830808 112.783 5.35381 2.68135 4.01296 ,

ge 0 0 0 109 0 ; 1 0.414401 100.233 6.79834 -2.59354 3.35221 , 2 0.826304 106.888 4.76622 -3.14992 3.58506 , 3 0.414221 112.01 1.76895 2.47225 3.85774 ,

ge 0 0 0 110 0 ; 1 0.327431 100.98 0.887173 3.07881 3.37004 , 2 0.276925 112.13 4.34966 2.94356 3.75967 , 3 0 0 0 0 0 ,

ge 0 0 0 111 0 ; 1 1.74015 106.195 -5.69536 3.13415 3.54891 , 2 0.120162 100.363 -5.98131 -2.92707 3.82965 , 3 0 0 0 0 0 ,

ge 0 0 0 112 0 ; 1 0.352861 100.47 -5.43662 -3.5399 3.3583 , 2 0.20645 106.577 -4.11526 -2.50612 3.56955 , 3 0.320465 112.045 -2.43545 -3.21385 3.7618 ,

ge 0 0 0 113 0 ; 1 1.60978 106.798 -1.72405 3.19221 3.56445 , 2 0.149814 106.648 1.47568 -3.52089 3.81256 , 3 0.111294 100.183 5.7045 -2.93989 4.07098 ,

ge 0 0 0 114 0 ; 1 0.933453 106.885 -1.29752 2.61144 3.56663 , 2 0.741606 113.091 3.61275 3.11618 3.83114 , 3 0.159427 112.016 4.65867 -2.79015 4.03441 ,

ge 0 0 0 115 0 ; 1 1.59609 106.011 2.79568 3.14059 3.53893 , 2 0.230227 106.109 4.09412 -3.51375 3.76511 , 3 0.0690875 113.097 1.80417 2.85055 4.0895 ,

ge 0 0 0 116 0 ; 1 1.31289 101.077 4.67172 -3.25974 3.37692 , 2 0.345068 106.227 -3.09449 -2.92266 3.68796 , 3 0.0868867 112.184 -1.02035 -2.44575 3.89896 ,

ge 0 0 0 117 0 ; 1 1.72774 113.041 2.58825 2.59991 3.77264 , 2 0.11207 106.571 -5.91389 3.16915 4.12955 , 3 0.0405451 106.024 -3.42415 -2.51226 4.33726 ,

ge 0 0 0 118 0 ; 1 1.6321 106.856 1.66473 -3.24921 3.56643 , 2 0.146865 106.195 -1.32451 2.64489 3.78797 , 3 0.0354433 100.244 -1.50586 2.40315 3.98674 ,

ge 0 0 0 119 0 ; 1 0.593777 100.109 6.0646 -3.15656 3.34706 , 2 0.938624 107.079 3.10856 -2.77067 3.59991 , 3 0.20428 107.032 -1.35444 3.10404 3.84601 ,

ge 0 0 0 120 0 ; 1 1.61323 100.413 -1.99133 2.83241 3.36025 , 2 0.202424 100.864 0.388402 -2.81487 3.56521 , 3 0.0137735 106.76 2.7129 2.78298 3.84728 ,

ge 0 0 0 121 0 ; 1 1.16362 106.83 -4.89966 2.95734 3.56856 , 2 0.602188 112.081 -5.69198 -2.94363 3.83336 , 3 0.0611972 106.264 -6.32483 -3.51834 4.02948 ,

ge 0 0 0 122 0 ; 1 1.07506 106.928 5.84506 -2.58855 3.57312 , 2 0.697189 112.151 5.94571 2.43957 3.81496 , 3 0.0193575 106.162 6.77376 2.61477 4.0167 ,

ge 0 0 0 123 0 ; 1 1.62912 107.194 -3.51369 -2.40006 3.57842 , 2 0.187957 106.724 -2.26983 2.48758 3.74738 , 3 0.0738631 101.152 1.80997 -2.84671 4.03846 ,

ge 0 0 0 124 0 ; 1 0.178357 100.629 -0.132142 -2.71362 3.35783 , 2 0.906655 106.005 1.08477 -2.79708 3.54174 , 3 0.585572 113.092 -3.17865 -2.94889 3.81766 ,

ge 0 0 0 125 0 ; 1 0.471669 100.342 -5.09321 -2.63093 3.35252 , 2 0.323312 106.015 -3.0578 -2.42373 3.55366 , 3 0.959365 112.447 -3.56207 -2.58407 3.76895 ,

ge 0 0 0 126 0 ; 1 1.70426 106.477 -5.55686 -3.09993 3.55803 , 2 0.153987 100.4 6.08509 3.06027 4.04189 , 3 0.0312401 106.595 -1.42894 3.25831 4.3668 ,

ge 0 0 0 127 0 ; 1 0.385934 101.163 4.10361 -3.14021 3.37882 , 2 0.227941 106.359 2.4348 -3.24734 3.56091 , 3 1.15062 112.372 2.32923 -2.52341 3.76297 ,

ge 0 0 0 128 0 ; 1 1.70461 112.249 5.30225 2.64356 3.74944 , 2 0.116135 106.068 -6.63727 -2.68362 4.23183 , 3 0 0 0 0 0 ,

ge 0 0 0 129 0 ; 1 0.145414 100.868 -3.58108 -3.02202 3.36823 , 2 0.303677 106.787 -5.00424 -3.16993 3.57134 , 3 0.271809 112.508 -4.67426 -2.43434 3.76407 ,

ge 0 0 0 130 0 ; 1 1.60876 106.898 5.73777 -3.46736 3.57273 , 2 0.168325 107.047 -5.21042 2.57548 3.98989 , 3 0.0606946 100.268 -5.25744 2.85141 4.21622 ,

ge 0 0 0 131 0 ; 1 1.04042 100.23 -2.41632 -3.20183 3.346 , 2 0.716077 106.949 -2.94376 2.81952 3.64746 , 3 0.0774087 106.302 3.26124 -3.39905 3.94128 ,

ge 0 0 0 132 0 ; 1 0.613503 101.066 0.939358 -3.40352 3.37324 , 2 0.946921 106.417 3.65232 -2.76201 3.57452 , 3 0 0 0 0 0 ,

ge 0 0 0 133 0 ; 1 0.39486 106.566 -0.406181 -2.9193 3.556 , 2 1.34842 112.593 -2.66155 -3.37575 3.77121 , 3 0.0264474 106.465 -3.33356 2.95002 4.06584 ,

ge 0 0 0 134 0 ; 1 0.664562 100.709 -1.79914 -2.44157 3.3608 , 2 1.06457 106.117 -4.94873 -2.4689 3.56958 , 3 0.0409793 101.023 -6.29641 2.77751 3.81761 ,

ge 0 0 0 135 0 ; 1 1.63966 100.98 -6.38105 2.88751 3.37643 , 2 0.154486 100.246 -6.32659 -2.54165 3.55919 , 3 0.0862439 107.153 0.603828 -2.77171 3.88567 ,

ge 0 0 0 136 0 ; 1 0.874236 100.319 6.75146 3.22052 3.35556 , 2 0.911476 112.842 1.3441 -2.74671 3.85221 , 3 0.0966123 106.813 4.16114 -2.48606 4.07437 ,

ge 0 0 0 137 0 ; 1 1.2255 100.96 -6.53835 -3.13088 3.37634 , 2 0.550112 106.16 -5.40555 3.18085 3.65173 , 3 0.0755567 107.053 -4.0696 -2.78655 3.85787 ,

ge 0 0 0 138 0 ; 1 0.42994 100.284 -5.00361 -3.01433 3.35079 , 2 0.803971 106.041 -3.12463 -2.64548 3.55317 , 3 0.545076 112.565 -6.99185 -2.63395 3.80614 ,

ge 0 0 0 139 0 ; 1 0.148627 100.283 -1.83469 2.58141 3.34676 , 2 0.120639 107.058 -3.25371 3.2942 3.57886 , 3 0.227457 112.737 -4.3801 2.75093 3.77282 ,

ge 0 0 0 140 0 ; 1 0.71374 100.211 1.95403 2.81184 3.34463 , 2 0.34791 106.909 6.12652 3.41806 3.60863 , 3 0.0789776 112.79 6.33623 2.83213 3.8059 ,

ge 0 0 0 141 0 ; 1 0.110019 101.097 -3.10826 -3.45241 3.3758 , 2 0.118429 107.007 -3.90754 -2.82943 3.57582 , 3 1.48373 112.535 -5.11184 -3.21891 3.76498 ,

ge 0 0 0 142 0 ; 1 0.592162 106.229 0.299135 -2.52298 3.54442 , 2 1.18202 112.365 3.41006 -2.4272 3.77393 , 3 0.0668444 100.761 -0.989588 3.19177 4.22835 ,

ge 0 0 0 143 0 ; 1 1.30648 100.631 3.96511 2.58737 3.36041 , 2 0.413766 106.228 -1.63393 -3.59996 3.69557 , 3 0.0977233 112.37 4.70635 -2.48375 3.99237 ,

ge 0 0 0 144 0 ; 1 0.316184 106.293 -1.72867 2.74605 3.54722 , 2 1.33983 112.71 0.215052 3.07224 3.77111 , 3 0.172215 113.1 -5.27006 -3.22139 4.04989 ,

ge 0 0 0 145 0 ; 1 0.284457 100.657 -0.495088 -2.84149 3.35894 , 2 1.46344 106.44 1.15085 -3.48258 3.56062 , 3 0.0866915 100.194 1.36614 3.0874 3.86309 ,

ge 0 0 0 146 0 ; 1 1.76373 112.564 1.68965 2.68653 3.75623 , 2 0.110757 100.108 3.94358 -2.89133 4.21765 , 3 0.010976 106.466 4.58789 3.44285 4.5178 ,

ge 0 0 0 147 0 ; 1 1.05004 100.631 -0.210171 2.7592 3.35797 , 2 0.371823 106.924 -0.166745 -3.02161 3.64299 , 3 0.356405 112.423 -1.98875 -2.66073 3.83662 ,

ge 0 0 0 148 0 ; 1 1.5832 112.355 -0.655801 -2.731 3.74892 , 2 0.228564 112.686 -0.476736 3.40695 3.95404 , 3 0.070718 100.506 -0.205233 -2.59289 4.40703 ,

ge 0 0 0 149 0 ; 1 1.40974 107.004 -2.33499 -2.7936 3.57134 , 2 0.38712 112.024 6.7379 3.17359 3.97039 , 3 1.551 112.08 4.77581 2.50764 3.75553 ,

ge 0 0 0 150 0 ; 1 0.668646 100.334 3.00822 2.72601 3.34953 , 2 1.10681 112.672 0.61555 -3.15839 3.81242 , 3 0.031834 101.18 1.17554 -2.94178 4.06943 ,

ge 0 0 0 151 0 ; 1 1.31134 106.753 -2.1157 3.42274 3.56362 , 2 0.198411 112.384 2.4575 -3.09135 3.88883 , 3 0 0 0 0 0 ,

ge 0 0 0 152 0 ; 1 1.6401 101.161 -0.490229 -2.86841 3.37576 , 2 0.199795 100.342 0.315223 3.04597 3.57673 , 3 0 0 0 0 0 ,

ge 0 0 0 153 0 ; 1 0.953491 100.689 -3.45851 3.04811 3.36212 , 2 0.610285 106.858 1.30131 2.62615 3.62243 , 3 0.0730922 106.885 4.18884 -3.36095 3.84415 ,

ge 0 0 0 154 0 ; 1 1.57527 100.442 -1.68059 2.4861 3.35187 , 2 0.24373 101.142 4.43123 -3.49867 3.63815 , 3 0.0529074 100.479 -6.81645 2.56641 3.96507 ,

ge 0 0 0 155 0 ; 1 0.658051 100.656 2.68323 3.25527 3.36047 , 2 0.441198 106.585 -0.346272 2.90766 3.58286 , 3 0.579215 112.957 0.611802 2.44151 3.79838 ,

ge 0 0 0 156 0 ; 1 1.56721 100.09 -1.04115 2.90274 3.34022 , 2 0.151378 100.932 3.7712 -3.54108 3.60995 , 3 0.0258565 106.426 6.56451 -3.55921 3.81554 ,

ge 0 0 0 157 0 ; 1 0.572797 100.489 -0.0684052 3.04666 3.35349 , 2 1.18841 107.092 3.12691 2.74819 3.59838 , 3 0.0283554 100.782 -3.10019 -2.76143 3.94655 ,

ge 0 0 0 158 0 ; 1 1.64221 106.92 0.562251 2.51853 3.56752 , 2 0.12939 106.028 1.96646 -3.13801 3.76419 , 3 0.0384723 100.779 4.15302 -2.89936 3.95402 ,

ge 0 0 0 159 0 ; 1 0.454718 100.805 4.64611 -3.16439 3.36773 , 2 1.2873 106.155 2.72795 -3.41057 3.55747 , 3 0.0389426 100.499 3.27105 3.46739 3.85507 ,

ge 0 0 0 160 0 ; 1 1.08993 100.244 -5.28635 2.52695 3.34948 , 2 0.281257 106.573 0.625703 2.75413 3.63847 , 3 0.330739 112.838 0.794152 3.11697 3.8479 ,

ge 0 0 0 161 0 ; 1 0.386743 100.329 -3.52541 -3.08557 3.35027 , 2 0.783409 106.141 -5.72811 -2.46345 3.55863 , 3 0.498698 112.942 -3.95296 3.01691 3.85592 ,

ge 0 0 0 162 0 ; 1 0.138769 100.74 5.3529 3.11258 3.36667 , 2 1.38251 106.348 4.61335 2.9158 3.55548 , 3 0.284445 107.12 2.47684 -2.60012 3.75446 ,

ge 0 0 0 163 0 ; 1 0.211161 106.52 4.72894 2.61599 3.55768 , 2 1.53119 113.005 3.40577 2.90613 3.77869 , 3 0.0476696 100.669 -3.97421 -3.07834 4.2981 ,

ge 0 0 0 164 0 ; 1 0.40777 106.865 -1.97084 -2.6559 3.56633 , 2 1.18203 112.614 0.0625008 -3.21191 3.77059 , 3 0.0882316 112.711 2.87262 2.67137 3.9881 ,

ge 0 0 0 165 0 ; 1 1.72757 112.258 1.32368 3.36015 3.74646 , 2 0.128286 107.114 -0.074047 -3.4444 4.03479 , 3 0.120473 112.379 -3.07017 -2.50422 3.76273 ,

ge 0 0 0 166 0 ; 1 1.74504 112.782 -0.700222 2.64527 3.7631 , 2 0.122672 107.085 -5.55436 3.54133 4.01454 , 3 0 0 0 0 0 ,

ge 0 0 0 167 0 ; 1 1.58707 106.291 -1.9423 -2.88131 3.54737 , 2 0.248826 106.68 3.5408 2.61442 3.80665 , 3 0 0 0 0 0 ,

ge 0 0 0 168 0 ; 1 1.11276 100.282 1.91784 2.85145 3.34701 , 2 0.345679 106.411 3.17751 -3.32375 3.64025 , 3 0.0392897 112.485 1.16749 -3.46637 3.85373 ,

ge 0 0 0 169 0 ; 1 1.73233 112.637 -2.30281 -2.70989 3.75905 , 2 0.128973 106.105 3.68202 2.69009 4.10513 , 3 0.0120351 106.224 -0.378558 -2.60232 4.32767 ,

ge 0 0 0 170 0 ; 1 1.70813 106.487 2.72853 -3.18241 3.55476 , 2 0.152269 100.494 -6.88864 3.12212 3.9873 , 3 0.0447118 101.183 3.95186 -3.19884 4.40651 ,

ge 0 0 0 171 0 ; 1 1.58129 106.033 3.61629 -3.159 3.54051 , 2 0.241339 106.481 3.09019 3.44799 3.7621 , 3 0.0718346 112.866 3.54231 -2.96959 4.06445 ,

ge 0 0 0 172 0 ; 1 1.60302 106.523 4.23408 -3.29932 3.55773 , 2 0.157546 106.499 4.71149 2.52213 3.75257 , 3 0.105242 101.12 3.59633 3.44663 3.9384 ,

ge 0 0 0 173 0 ; 1 0.464877 101.126 -6.04508 -2.76388 3.38048 , 2 1.31587 113.051 -1.88129 -2.88157 3.80184 , 3 0.0598416 106.725 -3.63655 -2.92006 4.02085 ,

ge 0 0 0 174 0 ; 1 0.518517 107.028 0.540791 2.63303 3.57118 , 2 1.24408 112.365 2.92487 3.38031 3.76777 , 3 0.0125985 106.088 -3.35492 -3.57278 4.14396 ,

ge 0 0 0 175 0 ; 1 0.323545 100.268 -3.74686 3.26345 3.34869 , 2 1.17698 106.088 -5.87666 3.24766 3.55542 , 3 0.248127 112.384 2.64047 2.80243 3.90902 ,

ge 0 0 0 176 0 ; 1 1.38078 100.829 4.62594 -2.87754 3.3682 , 2 0.380813 106.611 -4.47722 2.58135 3.77138 , 3 0 0 0 0 0 ,

ge 0 0 0 177 0 ; 1 0.674365 100.421 -3.47383 3.52858 3.35377 , 2 1.04027 112.463 -2.45296 -2.57135 3.8053 , 3 0.0913644 112.633 -5.65682 3.04496 4.02105 ,

ge 0 0 0 178 0 ; 1 0.647977 107.009 -0.123102 3.53651 3.57139 , 2 1.06176 112.805 -3.26887 3.33641 3.79146 , 3 0.0377231 106.889 -6.26232 -3.23435 4.10284 ,

ge 0 0 0 179 0 ; 1 1.6197 106.39 3.08873 -2.41273 3.55118 , 2 0.209744 106.026 -0.964748 3.14341 3.78092 , 3 0 0 0 0 0 ,

ge 0 0 0 180 0 ; 1 1.7623 113.174 -3.94153 -3.53793 3.77944 , 2 0 0 0 0 0 , 3 0 0 0 0 0 ,

ge 0 0 0 181 0 ; 1 1.59528 112.59 -3.55708 2.49572 3.75839 , 2 0.231832 112.62 -4.96077 -2.54402 3.9329 , 3 0 0 0 0 0 ,

ge 0 0 0 182 0 ; 1 0.61223 100.608 -1.22742 -3.33686 3.35802 , 2 0.636745 106.954 -4.60123 -3.19001 3.59781 , 3 0.201128 112.781 -5.8891 2.91771 3.88265 ,

ge 0 0 0 183 0 ; 1 1.61849 113.017 1.76127 -3.47188 3.77209 , 2 0.213848 112.646 3.66696 2.45767 3.98021 , 3 0.062212 107.074 -0.940393 -3.29932 4.2885 ,

ge 0 0 0 184 0 ; 1 1.09278 106.923 1.15793 -2.99645 3.56817 , 2 0.659731 112.631 1.26566 2.63076 3.83557 , 3 0.112969 112.286 -5.0865 -2.93681 4.11756 ,

ge 0 0 0 185 0 ; 1 1.58715 106.422 -5.04922 -3.49667 3.55578 , 2 0.227368 106.925 -2.17493 3.53143 3.80961 , 3 0.0687593 113.064 0.0984009 -3.02764 4.11873 ,

ge 0 0 0 186 0 ; 1 0.440347 100.036 4.67667 2.68039 3.3417 , 2 0.369721 107 2.26486 3.20216 3.58814 , 3 0.561585 112.705 2.8599 2.87782 3.77978 ,

ge 0 0 0 187 0 ; 1 1.75588 112.746 -4.97632 2.72603 3.76557 , 2 0.1167 100.386 3.80182 3.42719 4.2718 , 3 0.0307786 106.817 2.36822 2.4244 4.49411 ,

ge 0 0 0 188 0 ; 1 1.54121 100.035 4.64387 2.87937 3.34179 , 2 0.158593 101.152 2.40143 -2.60106 3.54279 , 3 0.0922217 107.116 -2.62163 -2.86086 3.80301 ,

ge 0 0 0 189 0 ; 1 0.74567 100.979 -6.54741 3.08936 3.37695 , 2 0.324316 106.969 -3.35059 2.87619 3.60352 , 3 0.16761 112.318 -3.57226 3.20765 3.78244 ,

ge 0 0 0 190 0 ; 1 0.466313 106.47 0.110773 2.61802 3.55252 , 2 1.28871 112.946 -2.59032 2.97684 3.78688 , 3 0 0 0 0 0 ,

ge 0 0 0 191 0 ; 1 1.14375 106.603 6.25005 3.00263 3.5634 , 2 0.624865 112.08 4.92595 -2.59286 3.82829 , 3 0.0999487 100.515 -5.39206 2.76388 4.37529 ,

ge 0 0 0 192 0 ; 1 1.00141 100.664 -5.06509 2.84806 3.36339 , 2 0.628169 107.151 -6.94226 -2.5244 3.65122 , 3 0.180629 112.423 4.82349 -3.00992 4.08159 ,

ge 0 0 0 193 0 ; 1 0.348522 100.585 4.62264 -2.93922 3.36012 , 2 0.418672 106.679 2.85735 -3.37745 3.57225 , 3 0.985434 113.04 3.77421 -2.63502 3.78807 ,

ge 0 0 0 194 0 ; 1 0.179389 106.267 -3.07471 2.56094 3.5472 , 2 1.53042 112.309 -1.89784 2.96334 3.75297 , 3 0.150459 106.342 4.20415 -3.32047 4.10649 ,

ge 0 0 0 195 0 ; 1 0.662398 100.41 -5.95754 -3.38215 3.35711 , 2 1.00506 107.034 -2.76927 -3.42542 3.60232 , 3 0.167115 106.186 -3.12442 2.67399 3.80807 ,

ge 0 0 0 196 0 ; 1 1.7703 106.24 0.787082 -2.63899 3.54498 , 2 0.106314 101.17 -0.423159 -3.0452 3.71937 , 3 0.0263117 112.582 3.05158 3.22798 4.16894 ,

ge 0 0 0 197 0 ; 1 1.74418 107.133 -2.93993 2.44232 3.57585 , 2 0.116507 100.249 1.17314 -2.80653 3.89555 , 3 0.0186473 100.563 -0.32897 3.22092 4.10301 ,

ge 0 0 0 198 0 ; 1 1.28281 107.074 5.39509 -2.94488 3.57747 , 2 0.513615 112.431 -1.99086 -2.41689 3.88234 , 3 0 0 0 0 0 ,

ge 0 0 0 199 0 ; 1 0.778966 106.301 -0.118671 -2.52074 3.54681 , 2 0.936013 112.851 -4.36127 -3.40574 3.80879 , 3 0.0954898 112.187 -2.11644 2.72386 4.02765 ,

ge 0 0 0 200 0 ; 1 0.99536 106.402 -5.77942 -3.0537 3.55587 , 2 0.686937 112.975 -0.55249 -2.90125 3.83605 , 3 0.155509 112.994 -1.64485 2.64434 4.02459 ,

ge 0 0 0 201 0 ; 1 1.60044 101.029 0.622634 -3.49378 3.37204 , 2 0.18132 101.094 -5.04263 3.43889 3.67069 , 3 0.0753966 106.368 -5.35241 2.70527 3.84863 ,

ge 0 0 0 202 0 ; 1 1.54682 106.146 -1.26764 -3.25778 3.54257 , 2 0.26626 107.197 -2.63555 3.28508 3.76828 , 3 0.0745717 112.66 -2.10373 -2.46412 4.03342 ,

ge 0 0 0 203 0 ; 1 1.74881 112.459 -1.31081 2.84749 3.75268 , 2 0.11178 106.013 -0.891987 -2.6108 4.03478 , 3 0.0426181 106.817 -4.98036 2.81867 4.26307 ,

ge 0 0 0 204 0 ; 1 1.18598 106.911 -0.590122 3.51738 3.56816 , 2 0.608705 112.404 -2.08331 -2.70355 3.84942 , 3 0.0209593 100.002 -4.86721 3.54925 4.32191 ,

ge 0 0 0 205 0 ; 1 0.744935 106.983 0.921734 2.44497 3.56975 , 2 0.52502 113.161 -2.68812 3.13624 3.80955 , 3 0 0 0 0 0 ,

ge 0 0 0 206 0 ; 1 1.61609 112.543 -3.57486 3.49809 3.75774 , 2 0.188779 112.229 4.22654 -2.73227 4.09093 , 3 0.0602749 106.651 1.71714 -2.77187 4.29496 ,

ge 0 0 0 207 0 ; 1 0.172075 100.439 -1.76783 2.60517 3.35191 , 2 1.46847 106.107 -3.09354 3.09917 3.5468 , 3 0.140367 106.709 2.38649 -3.33574 3.82945 ,

ge 0 0 0 208 0 ; 1 1.75477 112.06 -5.83104 -3.03238 3.74433 , 2 0.118723 100.208 0.353581 3.51404 4.24085 , 3 0.0412477 106.451 -5.11493 -3.16358 4.59618 ,

ge 0 0 0 209 0 ; 1 0.664889 100.328 2.49573 -2.48408 3.34863 , 2 1.07206 112.97 6.2725 3.33147 3.82959 , 3 0.0139868 112.303 2.07637 -2.40551 4.06772 ,

ge 0 0 0 210 0 ; 1 1.16304 106.538 2.22048 -2.87527 3.55579 , 2 0.622387 112.684 -1.67326 2.69866 3.86152 , 3 0.0268082 106.212 2.92122 2.97661 4.12644 ,

ge 0 0 0 211 0 ; 1 1.12169 100.635 -3.46228 3.4213 3.36076 , 2 0.642661 106.429 -3.216 -2.48798 3.63693 , 3 0.0772363 107.114 -1.12925 3.55643 3.85144 ,

ge 0 0 0 212 0 ; 1 0.136834 101.088 2.0918 3.48794 3.37466 , 2 0.592962 106.697 2.94823 2.86706 3.56505 , 3 1.03437 112.988 0.667364 2.91108 3.78828 ,

ge 0 0 0 213 0 ; 1 1.24832 100.024 -4.9767 3.58815 3.34273 , 2 0.264022 106.163 -1.26245 -3.23103 3.6729 , 3 0 0 0 0 0 ,

ge 0 0 0 214 0 ; 1 0.38218 106.846 0.584007 2.90237 3.56535 , 2 1.29962 112.363 2.62829 3.05356 3.7617 , 3 0.0742063 112.274 -4.74665 -3.20362 4.08433 ,

ge 0 0 0 215 0 ; 1 0.505011 101.084 2.47818 -3.29234 3.3746 , 2 0.500576 106.901 0.0606967 -3.39855 3.58477 , 3 0.0551863 112.36 1.176 -3.57495 3.77072 ,

ge 0 0 0 216 0 ; 1 0.559089 107.18 -5.16011 3.18173 3.58086 , 2 0.904281 112.221 -3.08516 2.81195 3.7631 , 3 0.355792 113.14 2.10727 -3.24039 4.03086 ,

ge 0 0 0 217 0 ; 1 0.441571 100.218 3.40656 2.56993 3.34594 , 2 1.1287 106.208 1.24475 2.45261 3.55839 , 3 0.0206655 106.227 -0.66223 -2.68429 3.74116 ,

ge 0 0 0 218 0 ; 1 1.75573 106.273 -3.04954 -2.99192 3.54775 , 2 0.115763 100.841 0.733525 -2.57889 3.76898 , 3 0.0409405 112.921 -5.94105 3.46163 4.27151 ,

ge 0 0 0 219 0 ; 1 1.54232 100.169 2.28125 -2.42235 3.34312 , 2 0.203618 101.15 1.24384 3.2948 3.53968 , 3 0.0230242 112.911 3.29712 2.94323 3.93807 ,

ge 0 0 0 220 0 ; 1 0.329335 106.598 2.80063 2.65805 3.55807 , 2 1.28171 112.783 1.02162 3.4074 3.7742 , 3 0 0 0 0 0 ,

ge 0 0 0 221 0 ; 1 0.640537 100.242 1.67632 -2.57193 3.34527 , 2 1.05228 112.173 4.70802 2.86338 3.79414 , 3 0.15498 112.312 6.68083 -2.84806 3.99575 ,

ge 0 0 0 222 0 ; 1 1.61526 106.495 -2.43843 -2.43254 3.55416 , 2 0.14411 106.189 -4.17324 2.46147 3.72766 , 3 0.0393426 100.163 -6.5466 2.65162 3.9438 ,

ge 0 0 0 223 0 ; 1 1.58593 112.121 0.00907947 3.06297 3.74136 , 2 0.233379 112.46 -5.5096 -2.92635 4.01325 , 3 0 0 0 0 0 ,

ge 0 0 0 224 0 ; 1 1.02073 106.036 -0.283367 2.70868 3.53814 , 2 0.727773 112.309 -2.11068 -2.52575 3.8174 , 3 0.0128597 113.091 3.87471 2.99744 4.09032 ,

ge 0 0 0 225 0 ; 1 1.36312 107.154 2.71832 -3.35415 3.57717 , 2 0.393062 112.517 -4.94828 2.42743 3.94404 , 3 0.0911462 107.193 -5.5866 3.47038 4.12627 ,

ge 0 0 0 226 0 ; 1 1.73052 106.929 5.30281 -3.33427 3.57287 , 2 0.135361 100.452 -0.259529 3.35249 3.93459 , 3 0.0457961 112.838 3.2519 -3.02142 4.41378 ,

ge 0 0 0 227 0 ; 1 0.245038 100.335 1.143 -3.58694 3.34916 , 2 0.741394 106.194 2.7193 -3.23978 3.55189 , 3 0.0332489 112.531 0.0809274 -3.5447 3.78107 ,

ge 0 0 0 228 0 ; 1 0.997141 100.396 -1.86807 2.83994 3.35078 , 2 0.779138 106.766 -1.14771 -2.45711 3.62817 , 3 0 0 0 0 0 ,

ge 0 0 0 229 0 ; 1 0.16642 100.923 3.61715 2.91759 3.37001 , 2 0.296115 106.904 5.06589 3.57544 3.57643 , 3 0.519339 113.188 4.86255 3.05681 3.78688 ,

ge 0 0 0 230 0 ; 1 0.19123 101.042 4.18467 -2.61944 3.37443 , 2 1.38811 112.868 1.89112 -3.01344 3.77645 , 3 0.0755154 112.544 -3.91795 3.30209 4.06288 ,

ge 0 0 0 231 0 ; 1 0.135231 100.933 -0.588489 -3.41811 3.36876 , 2 0.381151 106.089 -1.5444 -3.20022 3.54382 , 3 0.814726 113.025 -0.248023 -3.50012 3.77938 ,

ge 0 0 0 232 0 ; 1 1.57482 106.403 0.621125 -3.09268 3.55079 , 2 0.178664 106.935 -1.23757 3.0039 3.76413 , 3 0 0 0 0 0 ,

ge 0 0 0 233 0 ; 1 1.27348 100.338 -5.06232 2.8472 3.35252 , 2 0.36986 106.148 2.82219 3.05768 3.67928 , 3 0.0386425 112.972 1.12723 -3.20743 3.99343 ,

ge 0 0 0 234 0 ; 1 1.21637 106.836 2.68216 2.80523 3.566 , 2 0.537792 112.335 -4.18304 2.40768 3.85971 , 3 0.117138 112.775 0.732331 -3.52045 4.11701 ,

ge 0 0 0 235 0 ; 1 1.10972 100.217 2.4893 -2.81432 3.34522 , 2 0.658075 106.582 5.82768 2.95579 3.65267 , 3 0.0185891 101.008 -3.97474 3.47502 4.0292 ,

ge 0 0 0 236 0 ; 1 1.14724 106.734 6.15889 -2.44198 3.56711 , 2 0.59398 112.426 4.48345 3.37276 3.84423 , 3 0.0658405 112.485 -0.966391 -2.58809 4.11365 ,

ge 0 0 0 237 0 ; 1 1.74225 106.086 4.73968 2.79896 3.54341 , 2 0.122666 100.291 2.11002 -2.55316 3.82077 , 3 0.0126648 101.046 4.17517 2.73541 4.01182 ,

ge 0 0 0 238 0 ; 1 1.19756 100.842 4.3389 2.74655 3.3681 , 2 0.394484 106.36 2.1441 -3.31785 3.65121 , 3 0.247138 112.026 5.12934 -2.70273 3.86582 ,

ge 0 0 0 239 0 ; 1 1.72844 106.431 4.93785 -2.82659 3.55523 , 2 0.126329 100.185 -3.58566 -3.20893 3.90795 , 3 0.0347667 100.164 3.17219 2.52054 4.20348 ,

ge 0 0 0 240 0 ; 1 1.2625 100.355 -6.90102 -2.4213 3.35637 , 2 0.353536 106.428 0.82434 -3.17703 3.6851 , 3 0.097379 112.365 0.867132 3.34144 3.97922 ,

ge 0 0 0 241 0 ; 1 1.62105 106.89 -0.955773 3.58244 3.56761 , 2 0.201236 106.511 1.02013 -2.57886 3.78381 , 3 0.0700182 100.532 3.45104 3.47427 4.07899 ,

ge 0 0 0 242 0 ; 1 0.227759 106.982 -1.42048 -2.80001 3.57006 , 2 1.53767 112.303 -0.135621 -2.62092 3.75277 , 3 0 0 0 0 0 ,

ge 0 0 0 243 0 ; 1 0.455284 106.914 -0.397061 -3.03925 3.56774 , 2 1.215 112.659 1.94354 -3.17055 3.7747 , 3 0.0255942 112.813 -2.54887 3.06823 4.0312 ,

ge 0 0 0 244 0 ; 1 1.58912 106.299 0.356704 3.28288 3.54747 , 2 0.23187 106.576 2.05359 -3.28029 3.77378 , 3 0.046527 100.063 4.33976 2.87773 4.08235 ,

ge 0 0 0 245 0 ; 1 0.272448 100.809 5.28018 -2.72873 3.36846 , 2 1.33021 107.186 3.77078 -2.84133 3.58709 , 3 0.238279 106.456 -0.0667027 3.20528 3.82721 ,

ge 0 0 0 246 0 ; 1 0.343237 100.488 6.60022 -3.13527 3.36075 , 2 1.17356 112.12 3.58984 -2.64101 3.7619 , 3 0.243345 112.555 -1.35357 3.0313 4.0133 ,

ge 0 0 0 247 0 ; 1 1.76934 106.274 -1.2562 -2.53297 3.54617 , 2 0.102672 100.144 -2.94679 -2.65819 3.75831 , 3 0.0137053 107.02 1.68398 3.39646 4.10074 ,

ge 0 0 0 248 0 ; 1 0.248873 100.845 -0.836913 3.02678 3.36546 , 2 0.870774 106.644 0.527448 2.45244 3.56509 , 3 0.104642 112.249 -1.36771 -2.45928 3.82159 ,

ge 0 0 0 249 0 ; 1 1.60352 106.09 -0.816186 3.56271 3.5409 , 2 0.22652 106.092 2.12581 -2.42154 3.76333 , 3 0.0676172 112.46 -2.99454 2.83225 4.08737 ,

ge 0 0 0 250 0 ; 1 1.60291 100.896 1.2547 -2.86561 3.36713 , 2 0.21234 100.884 0.668092 3.07856 3.56637 , 3 0.0104381 112.172 0.953666 -3.05777 3.99503 ,

ge 0 0 0 251 0 ; 1 0.527947 101.075 -1.44842 -2.57174 3.37295 , 2 1.05809 112.705 3.70393 -3.10287 3.7976 , 3 0.129056 112.383 6.77468 2.4587 4.00978 ,

ge 0 0 0 252 0 ; 1 0.554547 100.762 -2.21345 -2.55808 3.36295 , 2 1.14893 112.614 -2.12543 2.73744 3.79597 , 3 0 0 0 0 0 ,

ge 0 0 0 253 0 ; 1 1.74802 112.659 4.14921 3.32214 3.76208 , 2 0.119919 100.486 -6.64016 2.49922 4.30537 , 3 0.0301734 106.77 1.75694 -3.03798 4.70098 ,

ge 0 0 0 254 0 ; 1 1.13717 106.022 -4.90444 3.41972 3.54214 , 2 0.632345 112.014 -6.1072 -2.90669 3.83554 , 3 0.0724264 100.339 2.94694 -2.8487 4.32838 ,

ge 0 0 0 255 0 ; 1 1.55606 100.305 0.825984 -2.50011 3.34698 , 2 0.198988 101.114 -1.1035 3.33127 3.55363 , 3 0 0 0 0 0 ,

ge 0 0 0 256 0 ; 1 0.758682 100.812 -1.42115 3.51394 3.36512 , 2 0.918679 112.157 5.51302 3.11221 3.80881 , 3 0.0256592 112.852 1.38914 -3.5546 4.07133 ,

ge 0 0 0 257 0 ; 1 0.848216 106.866 -6.65069 -2.7957 3.57276 , 2 0.75213 112.3 -3.25471 -2.57624 3.78665 , 3 0.147797 112.573 -2.355 2.73056 3.96642 ,

ge 0 0 0 258 0 ; 1 0.902662 100.027 0.398985 -3.1431 3.33821 , 2 0.339264 106.366 5.3563 -3.15933 3.60663 , 3 0.5532 112.522 5.39974 -2.97029 3.81208 ,

ge 0 0 0 259 0 ; 1 0.59939 100.863 2.07023 -2.42957 3.3661 , 2 0.904173 107.03 5.34598 -3.0885 3.60008 , 3 0.252883 112.536 0.332057 -3.07722 3.84847 ,

ge 0 0 0 260 0 ; 1 1.59446 107.014 2.33068 2.56332 3.57147 , 2 0.18353 107.092 3.16382 -2.41561 3.73988 , 3 0.0956524 100.513 -4.71927 -3.40213 4.08394 ,

ge 0 0 0 261 0 ; 1 0.986633 101.025 -1.79779 3.13788 3.372 , 2 0.775935 112.633 5.77091 -2.66396 3.87312 , 3 0.0864469 112.367 -3.28385 2.41401 4.21952 ,

ge 0 0 0 262 0 ; 1 0.749079 101.198 6.46801 2.5105 3.38351 , 2 1.02652 112.099 0.565251 2.54149 3.79702 , 3 0.0707548 106.758 0.514036 3.15937 3.97637 ,

ge 0 0 0 263 0 ; 1 1.30757 100.075 -6.20621 2.90237 3.34596 , 2 0.384588 106.109 -0.331778 -3.48875 3.69859 , 3 0.0950769 112.149 -5.23568 -3.29831 3.9582 ,

ge 0 0 0 264 0 ; 1 1.03819 106.812 2.91187 2.55998 3.5652 , 2 0.736369 113.014 0.907566 -2.59918 3.84249 , 3 0.0263141 112.09 1.13462 3.40227 4.04518 ,

ge 0 0 0 265 0 ; 1 1.73015 112.041 -1.57146 2.98644 3.73898 , 2 0.126013 106.967 -3.27322 -3.18436 4.01145 , 3 0.0373823 112.13 0.629698 -2.85358 4.22763 ,

ge 0 0 0 266 0 ; 1 1.74124 112.113 4.37587 -3.01291 3.7439 , 2 0.11272 106.168 4.3663 3.03669 4.02683 , 3 0.0498226 107.075 -2.42327 -2.6059 4.32285 ,

ge 0 0 0 267 0 ; 1 0.939607 107.094 -5.76483 -2.97194 3.57881 , 2 0.824224 112.923 -1.52584 -2.64233 3.81947 , 3 0.080088 107.085 -3.14133 2.52641 4.08507 ,

ge 0 0 0 268 0 ; 1 0.589288 101.021 3.10865 3.45061 3.37324 , 2 0.475669 106.854 0.399506 3.49362 3.58779 , 3 0.65229 112.881 1.45618 2.8732 3.79295 ,

ge 0 0 0 269 0 ; 1 1.73861 112.98 0.112281 -2.60609 3.76961 , 2 0.101931 106.067 4.30638 3.40119 4.10562 , 3 0 0 0 0 0 ,

ge 0 0 0 270 0 ; 1 0.164317 101.08 0.554411 -2.56627 3.3728 , 2 1.60785 112.493 -1.86451 -2.89407 3.7621 , 3 0.0982326 106.74 1.03221 -3.17159 3.97713 ,

ge 0 0 0 271 0 ; 1 0.288702 100.455 -0.987373 2.52129 3.35203 , 2 0.451371 106.322 0.592099 3.37216 3.55669 , 3 0.435524 112.458 -0.233557 2.69765 3.76442 ,

ge 0 0 0 272 0 ; 1 1.74392 106.413 4.09937 2.9045 3.55351 , 2 0.119781 100.204 1.79724 -2.75305 3.84403 , 3 0.0374452 100.842 2.71889 3.20815 4.04636 ,

ge 0 0 0 273 0 ; 1 1.60507 113.011 0.680345 2.56524 3.77066 , 2 0.155715 112.897 -3.11476 -3.37258 4.00576 , 3 0.0566493 107.052 -5.27843 -3.04657 4.21396 ,

ge 0 0 0 274 0 ; 1 0.369703 106.003 -1.07059 -3.12848 3.53759 , 2 1.261 112.91 1.28554 -2.99778 3.78108 , 3 0.0341032 112.981 -0.629222 3.01827 3.99168 ,

ge 0 0 0 275 0 ; 1 1.71798 112.039 -1.33586 2.57345 3.73848 , 2 0.112281 106.904 4.96631 -2.47471 4.05769 , 3 0 0 0 0 0 ,

ge 0 0 0 276 0 ; 1 1.63641 112.781 -5.14115 -2.91078 3.76712 , 2 0.122276 112.104 -2.01681 2.64682 3.98098 , 3 0.108236 106.955 -0.804684 3.10137 4.15806 ,

ge 0 0 0 277 0 ; 1 0.315016 106.754 2.87186 -2.98351 3.56361 , 2 1.42652 112.213 1.30396 -3.43194 3.75364 , 3 0.0221175 100.758 -5.04677 2.52902 4.23364 ,

ge 0 0 0 278 0 ; 1 0.252707 106.837 3.54522 2.58932 3.5667 , 2 1.49571 112.263 2.42654 3.49552 3.75396 , 3 0.0392726 107.076 6.8531 -2.96357 4.06727 ,

ge 0 0 0 279 0 ; 1 1.60886 112.557 -1.38135 -3.09043 3.75619 , 2 0.172518 112.365 -3.96188 2.5039 3.96179 , 3 0.0264093 106.192 -3.05708 2.49627 4.1699 ,

ge 0 0 0 280 0 ; 1 1.61785 112.547 -1.2342 2.61632 3.75539 , 2 0.214361 112.187 0.947549 -3.3854 3.96874 , 3 0 0 0 0 0 ,

ge 0 0 0 281 0 ; 1 0.607159 106.905 3.70706 -3.33321 3.56985 , 2 1.16713 112.66 6.81726 -2.73006 3.78899 , 3 0.0690211 100.087 -1.22303 3.13578 4.32464 ,

ge 0 0 0 282 0 ; 1 0.759914 106.084 -5.3285 3.57559 3.54506 , 2 0.968164 112.348 -1.86528 2.97168 3.78464 , 3 0.099649 100.171 5.05769 -2.82265 4.26464 ,

ge 0 0 0 283 0 ; 1 1.76966 106.966 0.0389875 2.95099 3.56935 , 2 0.108943 100.442 -1.79018 2.81949 3.79538 , 3 0 0 0 0 0 ,

ge 0 0 0 284 0 ; 1 0.434422 100.897 1.72497 -2.58626 3.36716 , 2 0.838651 106.414 3.86557 -3.59001 3.56738 , 3 0.524126 112.538 0.395771 -3.57042 3.80216 ,

ge 0 0 0 285 0 ; 1 0.454118 100.382 -6.80781 3.58479 3.35822 , 2 0.345395 106.476 -5.09938 2.59305 3.57191 , 3 0.958203 112.411 -5.42765 3.41869 3.77206 ,

ge 0 0 0 286 0 ; 1 1.59762 112.067 6.62656 -2.54286 3.74564 , 2 0.167437 112.442 0.185722 2.40611 4.01687 , 3 0.0561987 106.677 -0.416113 2.96869 4.21113 ,

ge 0 0 0 287 0 ; 1 0.70487 101.153 -4.22362 3.13646 3.37866 , 2 0.704834 106.019 -1.70389 2.62162 3.56225 , 3 0.308259 107.193 6.08424 -3.05177 3.88603 ,

ge 0 0 0 288 0 ; 1 1.75421 107.045 0.361318 -2.44947 3.57161 , 2 0.108213 100.718 4.66131 -2.73703 3.82698 , 3 0.0172557 106.236 3.92495 3.26322 4.10001 ,

ge 0 0 0 289 0 ; 1 1.60159 106.972 5.71638 -2.6316 3.57438 , 2 0.229857 107.013 4.62082 3.27471 3.77475 , 3 0.0402811 112.483 6.10479 -2.84074 4.05289 ,

ge 0 0 0 290 0 ; 1 1.756 112.605 -5.17689 2.4779 3.76098 , 2 0.100859 101.014 1.29274 -2.82288 4.23776 , 3 0.018643 100.285 -2.76976 3.52663 4.49037 ,

ge 0 0 0 291 0 ; 1 0.734333 100.21 -1.59016 -3.31341 3.34489 , 2 0.608451 106.553 -5.62501 -3.32964 3.59564 , 3 0.0686869 112.65 -5.89254 2.47798 3.87667 ,

ge 0 0 0 292 0 ; 1 0.643905 100.638 -1.04724 2.49562 3.35814 , 2 1.13097 112.938 5.47304 2.94161 3.82274 , 3 1.46973 112.456 4.07264 2.97507 3.75727 ,

ge 0 0 0 293 0 ; 1 0.311381 100.014 -3.471 3.57531 3.34025 , 2 1.12632 106.012 -5.51693 3.21424 3.55197 , 3 0.356587 112.59 1.27808 -2.49209 3.92042 ,

ge 0 0 0 294 0 ; 1 1.05231 100.039 3.0751 -2.79359 3.33982 , 2 0.561377 106.402 1.27525 2.68143 3.62618 , 3 0.169784 112.606 -6.94752 -3.20577 4.02194 ,

ge 0 0 0 295 0 ; 1 1.76953 113.083 -2.20343 2.9633 3.77405 , 2 0.10562 100.812 1.55073 2.68555 4.20219 , 3 0.0365381 112.719 0.246913 -3.07566 4.64717 ,

ge 0 0 0 296 0 ; 1 1.59427 100.406 5.58965 -2.87995 3.35574 , 2 0.199999 100.765 1.82773 3.35792 3.59901 , 3 0.0447863 106.881 4.02608 2.61547 3.8172 ,

ge 0 0 0 297 0 ; 1 0.36395 100.844 5.62823 -2.52548 3.37009 , 2 0.395353 106.467 4.00378 -2.4678 3.56533 , 3 0.0299131 112.615 4.90971 -3.30534 3.77449 ,

ge 0 0 0 298 0 ; 1 1.62507 106.751 1.48457 2.8982 3.56249 , 2 0.212098 106.185 3.60674 -3.26585 3.78076 , 3 0 0 0 0 0 ,

ge 0 0 0 299 0 ; 1 1.15918 106.46 0.485765 -2.82945 3.55242 , 2 0.626087 112.558 3.66579 3.2557 3.85872 , 3 0.0671591 106.515 0.99234 3.00437 4.0793 ,

ge 0 0 0 300 0 ; 1 0.191548 101.123 -2.92255 -2.75276 3.37574 , 2 0.891187 106.443 -1.82023 -2.93695 3.55709 , 3 0.287075 112.289 -5.42984 -2.81668 3.7863 ,

ge 0 0 0 301 0 ; 1 0.373789 106.777 0.842131 3.21925 3.56343 , 2 1.30928 113.148 -1.38539 3.5402 3.7888 , 3 0.165875 112.764 5.11997 -3.38643 4.10603 ,

ge 0 0 0 302 0 ; 1 1.32886 106.319 6.08436 -3.52506 3.55418 , 2 0.469606 112.077 -0.130866 2.66811 3.90424 , 3 0 0 0 0 0 ,

ge 0 0 0 303 0 ; 1 1.58355 106.302 0.913865 -3.06652 3.54746 , 2 0.240707 106.643 2.73264 3.02102 3.7597 , 3 0.0139004 112.355 0.247772 -2.45944 4.03646 ,

ge 0 0 0 304 0 ; 1 1.22775 106.416 2.02918 2.85748 3.55159 , 2 0.543664 112.646 -3.4741 -2.79788 3.88695 , 3 0.0405077 106.781 -3.59734 -3.14393 4.08298 ,

ge 0 0 0 305 0 ; 1 0.908348 100.938 4.04875 3.14775 3.37129 , 2 0.824256 112.007 -0.209785 -3.43118 3.82367 , 3 0.119439 113.161 4.09239 2.49666 4.071 ,

ge 0 0 0 306 0 ; 1 0.102143 101.104 1.0404 2.57841 3.37376 , 2 1.02815 106.976 1.99144 3.15539 3.57309 , 3 0.181256 112.54 -2.22335 2.82186 3.80618 ,

ge 0 0 0 307 0 ; 1 1.70094 100.231 -1.67912 -2.42427 3.34478 , 2 0.144145 100.916 -2.54257 3.55341 3.59584 , 3 0.0307744 106.786 3.52984 2.54955 3.87953 ,

ge 0 0 0 308 0 ; 1 1.73581 112.645 -6.00295 -2.68509 3.76383 , 2 0.114046 107.051 -2.40314 2.93303 4.05428 , 3 0.0485035 112.353 -0.788896 3.145 4.23929 ,

ge 0 0 0 309 0 ; 1 1.59123 106.433 -6.64977 2.84408 3.55842 , 2 0.211836 106.925 -1.81717 -2.74896 3.80553 , 3 0.063403 100.082 -5.1801 -2.77476 4.05986 ,

ge 0 0 0 310 0 ; 1 1.09893 106.387 4.10957 -2.78575 3.55254 , 2 0.675022 112.673 4.27504 3.50107 3.84914 , 3 0.0238993 100.909 -0.213416 3.02302 4.26943 ,

ge 0 0 0 311 0 ; 1 0.445225 100.52 -3.06747 2.95524 3.356 , 2 1.10134 106.543 -0.838376 3.21654 3.5704 , 3 0.0381079 107.153 2.70543 -3.45635 3.82324 ,

ge 0 0 0 312 0 ; 1 1.17232 106.653 -1.53855 3.44256 3.55979 , 2 0.607263 112.304 0.677915 -2.50681 3.8433 , 3 0.0850483 112.692 -1.33737 2.92406 4.03696 ,

ge 0 0 0 313 0 ; 1 1.76728 112.705 -6.34026 3.52635 3.76721 , 2 0.110004 101.151 -1.46356 2.42598 4.18714 , 3 0 0 0 0 0 ,

ge 0 0 0 314 0 ; 1 0.185831 101.063 4.5373 -2.42777 3.37545 , 2 0.186233 106.41 3.54482 -2.44498 3.55688 , 3 1.04851 112.508 1.02461 -3.44524 3.77948 ,

ge 0 0 0 315 0 ; 1 0.23798 100.52 5.06519 -3.40293 3.35915 , 2 1.52319 112.129 2.80831 -2.57483 3.75461 , 3 0.102896 106.688 0.728879 -3.1106 3.94974 ,

ge 0 0 0 316 0 ; 1 1.72801 112.001 0.77947 3.2364 3.7376 , 2 0.128005 107.117 3.70016 -2.4777 4.0066 , 3 0.0464817 106.622 3.40593 3.10129 4.19368 ,

ge 0 0 0 317 0 ; 1 1.00345 100.53 -2.25602 2.54628 3.35524 , 2 0.195127 106.541 2.92461 2.67703 3.61998 , 3 0.0511486 113.149 4.30701 2.7855 3.84519 ,

ge 0 0 0 318 0 ; 1 0.583669 100.72 -6.61481 -3.50655 3.36893 , 2 0.200304 106.363 -4.50373 -2.56242 3.57234 , 3 0.918847 112.517 -3.72452 -3.20051 3.78037 ,

ge 0 0 0 319 0 ; 1 1.61892 101.085 2.81035 2.64745 3.37428 , 2 0.162381 100.781 1.38031 -2.85764 3.56427 , 3 0.0908125 107.183 0.771454 -3.08094 3.77889 ,

ge 0 0 0 320 0 ; 1 1.62143 106.516 0.70526 2.642 3.55415 , 2 0.144317 106.101 -1.37136 -2.99528 3.75501 , 3 0.0193522 100.809 -3.83064 -2.75083 3.94983 ,

ge 0 0 0 321 0 ; 1 1.01768 100.077 -1.39093 -2.65375 3.3397 , 2 0.75574 106.477 -3.64662 2.55544 3.62505 , 3 0.0849015 100.642 -0.258857 3.02616 3.85064 ,

ge 0 0 0 322 0 ; 1 1.60523 100.485 2.34657 -3.19301 3.35442 , 2 0.125672 100.488 -1.97446 2.46657 3.59193 , 3 0.126514 107.153 -6.06973 3.24764 3.85416 ,

ge 0 0 0 323 0 ; 1 0.283908 100.112 2.85739 3.33174 3.34259 , 2 0.254627 106.773 1.23378 2.75788 3.57206 , 3 1.10577 112.015 1.61606 2.77725 3.74739 ,

ge 0 0 0 324 0 ; 1 1.09083 101.007 0.519047 2.81343 3.3706 , 2 0.348648 106.823 -1.5738 -2.50476 3.64257 , 3 0.279112 113.023 -0.131422 -2.64184 3.85496 ,

ge 0 0 0 325 0 ; 1 1.58717 100.49 -3.01463 -3.46003 3.35549 , 2 0.181548 100.817 -2.84866 2.70874 3.56162 , 3 0.106734 106.774 -0.948685 2.51969 3.77028 ,

ge 0 0 0 326 0 ; 1 0.586841 100.761 -3.123 -3.59133 3.36477 , 2 1.16595 106.523 -6.20218 -3.37458 3.58281 , 3 0.0349729 100.161 -4.51245 2.46965 3.87643 ,

ge 0 0 0 327 0 ; 1 0.263877 100.438 0.13359 -3.39256 3.35215 , 2 1.34765 106.398 1.60221 -2.715 3.55817 , 3 0.224294 106.741 -3.06135 2.96338 3.80354 ,

ge 0 0 0 328 0 ; 1 0.467194 100.985 4.19981 2.6324 3.37256 , 2 1.27714 106.703 2.09786 2.47233 3.57583 , 3 0.0631552 100.78 2.41476 -3.31554 3.85225 ,

ge 0 0 0 329 0 ; 1 1.09375 100.649 1.05783 -2.61182 3.3586 , 2 0.164216 106.086 -4.5015 -2.69352 3.61799 , 3 0.136035 112.001 -6.2853 -2.53531 3.82416 ,

ge 0 0 0 330 0 ; 1 1.20793 100.122 -3.67151 2.54859 3.34302 , 2 0.557438 107.128 4.75966 3.45174 3.70993 , 3 0.0167124 106.779 0.554553 -2.63466 3.95697 ,

ge 0 0 0 331 0 ; 1 0.688081 100.121 -5.57107 3.20996 3.34656 , 2 0.861407 106.798 -2.21205 3.10316 3.5959 , 3 0.285494 107.184 0.419326 -2.60953 3.8061 ,

ge 0 0 0 332 0 ; 1 1.64884 113.119 -0.0783666 -3.34163 3.77489 , 2 0.113398 112.031 0.981022 2.83857 3.98718 , 3 0.0747557 106.365 2.25236 3.46291 4.18199 ,

ge 0 0 0 333 0 ; 1 0.961512 100.642 3.54795 -2.82551 3.36046 , 2 0.706036 106.702 -1.20842 -2.67598 3.61749 , 3 0.0512662 112.276 6.59706 -2.54993 3.93745 ,

ge 0 0 0 334 0 ; 1 0.782978 100.192 -5.09551 3.18504 3.34806 , 2 0.444028 107.024 -1.10264 3.06615 3.61204 , 3 0.426342 113.011 2.55248 -3.13769 3.92441 ,

ge 0 0 0 335 0 ; 1 0.30477 106.816 2.744 -2.56859 3.56521 , 2 1.44993 112.137 1.23124 -2.52963 3.74972 , 3 0.0222035 100.435 -3.64257 -3.29874 4.17333 ,

ge 0 0 0 336 0 ; 1 1.55727 112.034 1.90867 2.60308 3.73859 , 2 0.247676 112.713 1.20256 -2.68226 3.9179 , 3 0.0816303 100.874 -2.28207 2.62229 4.36599 ,

ge 0 0 0 337 0 ; 1 1.77333 106.574 -4.36989 -3.54912 3.55988 , 2 0.103475 101.173 -4.2481 -3.13663 3.74061 , 3 0.0217697 112.186 0.895196 -3.11022 4.14607 ,

ge 0 0 0 338 0 ; 1 0.153616 100.114 -0.357528 3.16619 3.34113 , 2 1.56217 106.032 -1.31381 2.5447 3.54217 , 3 0.0451514 100.711 6.57091 -3.44507 3.91714 ,

ge 0 0 0 339 0 ; 1 0.199222 106.714 0.498712 -2.42019 3.56055 , 2 1.5759 112.906 -0.84718 -3.17701 3.77343 , 3 0.0470605 100.648 0.372975 -2.92871 4.18441 ,

ge 0 0 0 340 0 ; 1 0.395968 106.163 2.31495 3.38947 3.54385 , 2 1.36529 112.452 4.81722 3.50585 3.76966 , 3 0.0396541 100.223 5.48474 -2.51949 4.22494 ,

ge 0 0 0 341 0 ; 1 0.617372 100.872 -3.91991 2.41378 3.36823 , 2 1.0844 106.943 -1.08209 3.14164 3.59308 , 3 0.0335022 106.714 -5.15429 -3.2674 3.84648 ,

ge 0 0 0 342 0 ; 1 1.73515 106.587 -1.87615 -3.29349 3.5576 , 2 0.122189 101.132 -4.27099 2.4727 3.83415 , 3 0.0389821 100.216 -0.628048 -3.5013 4.06954 ,

ge 0 0 0 343 0 ; 1 0.804869 101.083 -1.99557 3.13643 3.37404 , 2 0.976825 112.551 0.774081 -3.48354 3.82529 , 3 0.0103806 107.012 0.470638 -2.76772 4.01186 ,

ge 0 0 0 344 0 ; 1 1.62649 107.199 -3.0704 3.11281 3.57873 , 2 0.205065 106.628 -4.58123 -2.89457 3.78623 , 3 0.0557614 112.142 4.24947 2.41683 4.17608 ,

ge 0 0 0 345 0 ; 1 0.455339 106.723 3.67279 -2.53737 3.563 , 2 1.29516 112.545 6.29096 -2.4104 3.77599 , 3 0.0341538 106.515 -5.53503 2.85339 4.25233 ,

ge 0 0 0 346 0 ; 1 0.889628 106.764 1.75992 2.81069 3.56299 , 2 0.891485 113.005 6.66628 3.49498 3.82878 , 3 0.0716431 106.152 -3.59208 -3.15868 4.29634 ,

ge 0 0 0 347 0 ; 1 1.23478 101.104 5.88316 -3.15338 3.3798 , 2 0.570622 112.149 -5.65304 3.40643 3.95573 , 3 0.0828606 107.147 2.30292 -3.30492 4.34094 ,

ge 0 0 0 348 0 ; 1 1.35079 100.463 4.03678 2.8701 3.35515 , 2 0.421623 106.403 -3.78611 -3.33596 3.74271 , 3 0.104305 100.593 -4.51174 -2.94834 3.93846 ,

ge 0 0 0 349 0 ; 1 1.76163 106.764 0.0863889 -3.00003 3.56266 , 2 0.10539 101.177 -2.78476 -2.42582 3.77305 , 3 0.0294894 106.169 2.74246 3.00373 4.08048 ,

ge 0 0 0 350 0 ; 1 1.19198 100.755 5.36301 3.13787 3.3672 , 2 0.513623 106.24 2.7184 -2.47398 3.64342 , 3 0 0 0 0 0 ,

ge 0 0 0 351 0 ; 1 1.61724 106.991 -0.17024 3.15946 3.57039 , 2 0.218166 106.622 -3.73388 -2.4208 3.79159 , 3 0.0354364 112.574 0.288734 2.66794 4.08524 ,

ge 0 0 0 352 0 ; 1 0.877925 100.937 1.315 -2.8791 3.36856 , 2 0.396548 107.173 6.11765 -2.9799 3.63111 , 3 0.471744 112.539 5.76968 -3.13286 3.81056 ,

ge 0 0 0 353 0 ; 1 1.01976 106.558 3.13168 2.63371 3.557 , 2 0.742162 112.862 4.53318 -2.81977 3.83894 , 3 0.103576 113.118 1.52919 3.40631 4.06969 ,

ge 0 0 0 354 0 ; 1 1.24097 100.89 -4.11616 -2.95168 3.36958 , 2 0.546152 106.07 2.49265 -2.59473 3.64992 , 3 0.0503135 101.085 -2.57431 3.47709 3.96174 ,

ge 0 0 0 355 0 ; 1 0.390758 100.278 -1.62908 3.27841 3.34714 , 2 1.34751 106.282 -3.83334 2.75917 3.56117 , 3 0.0906258 100.215 -3.6003 -2.95634 3.8393 ,

ge 0 0 0 356 0 ; 1 1.14876 100.99 0.118803 -3.20665 3.37036 , 2 0.62193 106.909 -6.6694 -3.02533 3.67083 , 3 0.0749567 100.557 -4.61743 2.88692 3.96826 ,

ge 0 0 0 357 0 ; 1 1.75545 112.382 5.32516 3.5995 3.75477 , 2 0.119169 100.131 -3.6422 2.82539 4.26184 , 3 0.0218969 107.193 3.38596 2.62586 4.59425 ,

ge 0 0 0 358 0 ; 1 1.71208 106.795 6.86737 2.80089 3.57087 , 2 0.141723 100.422 -4.25012 -2.54176 4.03397 , 3 0.0404647 106.335 -1.54132 -3.02059 4.2515 ,

ge 0 0 0 359 0 ; 1 1.19429 106.319 -0.716327 2.55619 3.54753 , 2 0.555351 112.463 4.21429 -2.96406 3.8684 , 3 0 0 0 0 0 ,

ge 0 0 0 360 0 ; 1 0.885385 106.683 -3.88299 2.69277 3.56204 , 2 0.865387 113.075 0.588702 2.52806 3.82231 , 3 0.0674528 100.683 3.58417 -3.35526 4.29066 ,

ge 0 0 0 361 0 ; 1 0.12839 106.772 0.843016 -3.08191 3.56312 , 2 1.59763 112.235 1.92059 -3.15223 3.74889 , 3 0.0829426 106.917 3.77248 2.99615 4.02699 ,

ge 0 0 0 362 0 ; 1 0.752182 100.407 -0.765721 3.16621 3.35099 , 2 0.880379 106.644 -4.76592 3.47262 3.59835 , 3 0.181957 112.985 4.6896 3.03431 3.97839 ,

ge 0 0 0 363 0 ; 1 1.7454 106.419 1.72012 -2.52391 3.55122 , 2 0.111637 100.97 -3.15052 -3.11801 3.79581 , 3 0.0482607 112.523 -5.577 2.56782 4.23288 ,

ge 0 0 0 364 0 ; 1 1.61416 112.892 -2.4228 -3.31149 3.76815 , 2 0.212123 112.536 5.94334 2.76474 4.11325 , 3 0.0103072 107.06 -1.36964 2.91182 4.41804 ,

ge 0 0 0 365 0 ; 1 0.397039 100.563 1.7214 -3.43437 3.35687 , 2 0.517413 106.233 3.77193 -2.79739 3.55911 , 3 0.832174 112.714 2.43279 -2.75591 3.77986 ,

ge 0 0 0 366 0 ; 1 1.60304 106.732 -0.746969 -3.27318 3.56197 , 2 0.172218 106.682 5.48666 2.44843 3.84421 , 3 0.0462222 100.893 5.40071 2.60732 4.03741 ,

ge 0 0 0 367 0 ; 1 0.499638 101.048 -2.15451 -2.56539 3.37244 , 2 0.275066 106.455 0.0947178 -2.66034 3.56782 , 3 0.968793 112.592 6.25099 -2.58211 3.85779 ,

ge 0 0 0 368 0 ; 1 1.59802 106.323 6.50949 -3.14652 3.55475 , 2 0.225258 106.672 1.6454 2.60842 3.80636 , 3 0.0176889 112.783 3.81906 -2.78471 4.08773 ,

ge 0 0 0 369 0 ; 1 0.732556 100.975 -3.2928 -2.78411 3.37122 , 2 0.197057 106.441 -0.180527 -2.83575 3.58106 , 3 0.576709 113.011 0.716168 -2.43816 3.80263 ,

ge 0 0 0 370 0 ; 1 1.08053 100.077 2.44381 -3.54022 3.34131 , 2 0.685005 106.638 2.38462 2.69399 3.64321 , 3 0.0531442 100.097 6.8379 2.4519 3.9073 ,

ge 0 0 0 371 0 ; 1 0.221443 100.863 6.32794 2.49374 3.37207 , 2 0.266075 106.576 5.25678 2.93619 3.56652 , 3 1.07976 113.185 1.61584 3.26395 3.81843 ,

ge 0 0 0 372 0 ; 1 1.59895 112.339 -3.28015 3.06889 3.75023 , 2 0.149482 112.512 1.99865 -3.25514 4.02507 , 3 0.0470513 106.727 4.79344 -3.11383 4.23944 ,

ge 0 0 0 373 0 ; 1 0.175303 100.165 6.35591 -2.91046 3.34929 , 2 1.4082 107.148 5.28755 -2.72838 3.58499 , 3 0.189331 106.132 -4.32794 2.89052 3.95802 ,

ge 0 0 0 374 0 ; 1 1.07492 100.285 -3.47285 -3.12479 3.34877 , 2 0.666829 106.143 -3.62904 2.44368 3.61842 , 3 0.113048 106.756 2.21672 -2.99289 3.88549 ,

ge 0 0 0 375 0 ; 1 1.07282 100.501 -1.86674 -3.00086 3.35441 , 2 0.356047 106.768 -2.59157 2.93198 3.64331 , 3 0.251301 112.121 -1.39962 2.68295 3.82641 ,

ge 0 0 0 376 0 ; 1 0.663194 101.02 -4.60082 -3.05887 3.37469 , 2 1.01921 106.014 -2.10408 -3.32564 3.56116 , 3 0.0401527 106.538 -6.37775 3.0542 3.8179 ,

ge 0 0 0 377 0 ; 1 0.297382 101.082 -5.53352 2.63618 3.37793 , 2 0.592438 106.077 -4.29275 2.94878 3.54992 , 3 0.826724 113.07 -6.69068 3.19587 3.79664 ,

ge 0 0 0 378 0 ; 1 1.275 100.319 4.09108 -3.28282 3.35087 , 2 0.496662 106.505 -0.926931 3.47428 3.69927 , 3 0.0729738 106.158 -2.6239 -2.95816 3.92148 ,

ge 0 0 0 379 0 ; 1 1.6083 112.407 -6.3252 -2.89339 3.75665 , 2 0.224449 112.566 4.91476 2.9941 4.17993 , 3 0.0641794 106.874 -0.0436051 -3.51279 4.51236 ,

ge 0 0 0 380 0 ; 1 1.74709 106.703 6.84489 2.51729 3.56753 , 2 0.117215 100.461 6.05962 -3.01201 3.84691 , 3 0.0154251 112.321 -3.10416 3.23722 4.38856 ,

ge 0 0 0 381 0 ; 1 0.503619 106.896 -2.02405 -3.21326 3.56791 , 2 1.1384 113.133 0.518681 -2.74686 3.79312 , 3 0.12322 113.129 -2.11423 3.36751 4.01517 ,

ge 0 0 0 382 0 ; 1 0.637344 106.201 -5.22928 -2.7332 3.54793 , 2 1.14222 112.742 -2.12431 -2.6372 3.78947 , 3 0.0942917 101.073 -3.36241 -2.45979 4.18092 ,

ge 0 0 0 383 0 ; 1 0.644214 100.684 -0.00583702 -2.78363 3.35975 , 2 1.07358 112.8 1.96473 3.07237 3.8134 , 3 0.114717 112.876 -1.80378 -3.13017 4.05551 ,

ge 0 0 0 384 0 ; 1 1.59454 100.186 2.7546 -2.56072 3.34419 , 2 0.191328 100.307 2.10539 2.42743 3.51203 , 3 0.104358 106.514 -0.814385 -2.70217 3.8865 ,

ge 0 0 0 385 0 ; 1 1.09164 101.038 -2.99073 2.90965 3.37313 , 2 0.253001 106.321 2.19372 3.32941 3.62044 , 3 0.214421 112.536 2.87597 3.15949 3.82907 ,

ge 0 0 0 386 0 ; 1 0.207185 100.055 3.13211 -3.49578 3.34115 , 2 1.32453 106.634 4.59057 -2.67062 3.56761 , 3 0.226615 106.697 6.70206 3.5034 3.78528 ,

ge 0 0 0 387 0 ; 1 1.53829 100.099 5.38807 -2.57995 3.34489 , 2 0.272987 101.028 6.47611 2.9152 3.5343 , 3 0.0118007 106.909 4.00463 -2.98636 3.82417 ,

ge 0 0 0 388 0 ; 1 0.683948 100.536 -6.52552 -3.12096 3.36219 , 2 1.09691 112.906 -6.27638 3.38001 3.82838 , 3 0.0895459 106.567 -4.87494 -2.81331 4.12767 ,

ge 0 0 0 389 0 ; 1 1.60357 106.087 -3.89253 2.75321 3.54226 , 2 0.184233 106.155 0.548178 -3.3723 3.79463 , 3 0.0413195 100.502 -0.735099 -3.51228 3.98807 ,

ge 0 0 0 390 0 ; 1 1.57729 106.062 0.952672 2.68737 3.53914 , 2 0.233456 106.59 -4.27021 -2.58676 3.78736 , 3 0.0284636 100.638 0.333115 -2.52607 4.03836 ,

ge 0 0 0 391 0 ; 1 0.715649 100.706 -0.476988 2.95571 3.36067 , 2 0.261741 106.749 -4.12445 2.84059 3.59616 , 3 0.284859 112.491 -4.66254 3.16614 3.78883 ,

ge 0 0 0 392 0 ; 1 0.462026 100.286 0.228566 -2.53121 3.34626 , 2 1.31733 112.301 -4.73813 -3.06334 3.78029 , 3 0 0 0 0 0 ,

ge 0 0 0 393 0 ; 1 0.157713 100.193 -4.1635 -3.45024 3.34694 , 2 1.45862 106.462 -5.53851 -2.92288 3.56173 , 3 0.0120655 106.47 -1.69092 2.55113 3.78492 ,

ge 0 0 0 394 0 ; 1 0.142269 100.018 1.42157 -3.43053 3.33855 , 2 1.5574 106.676 0.515545 -2.7835 3.56371 , 3 0.0307605 100.307 -6.99341 2.51026 3.93661 ,

ge 0 0 0 395 0 ; 1 1.5572 112.222 -4.56388 -2.41684 3.74728 , 2 0.227178 112.837 -6.30658 2.90048 3.93506 , 3 0.0783321 107.16 -5.08706 2.62874 4.12896 ,

ge 0 0 0 396 0 ; 1 0.11851 100.267 -3.53512 -2.79466 3.34791 , 2 0.928602 106.118 -4.73149 -2.55636 3.54729 , 3 0.222854 112.777 -3.91227 3.3888 3.8463 ,

ge 0 0 0 397 0 ; 1 1.60662 100.977 3.32665 3.47655 3.37207 , 2 0.181381 100.985 0.383689 -3.46051 3.62342 , 3 0.0834482 106.386 0.79874 -2.97236 3.80486 ,

ge 0 0 0 398 0 ; 1 1.39233 100.373 6.65437 -3.07813 3.35701 , 2 0.390045 106.998 -5.67395 -3.50557 3.82406 , 3 0.073644 106.907 -1.19907 3.44936 4.09994 ,

ge 0 0 0 399 0 ; 1 1.75529 112.391 -1.89307 -3.14339 3.75097 , 2 0.105633 100.608 4.28386 2.51736 4.23325 , 3 0.0110982 100.806 -4.74949 -3.29166 4.59156 ,

ge 0 0 0 400 0 ; 1 0.51415 106.51 -2.87601 -3.17448 3.55567 , 2 1.24304 112.975 -0.171606 -3.22867 3.78944 , 3 0.0657297 106.487 -4.54227 3.24125 4.12808 ,

ge 0 0 0 401 0 ; 1 1.57837 100.494 6.33669 -3.1795 3.36045 , 2 0.132571 101.146 3.32338 2.49757 3.57594 , 3 0.0662491 107.126 -3.27705 2.81223 3.87322 ,

ge 0 0 0 402 0 ; 1 1.54212 106.266 -1.21057 2.73078 3.54604 , 2 0.182575 107.128 -1.98229 -2.43195 3.72253 , 3 0.13247 113.07 -0.35466 -3.34164 3.93025 ,

ge 0 0 0 403 0 ; 1 0.936242 101.028 0.0941952 -2.43917 3.37092 , 2 0.85159 112.274 -6.86881 3.05988 3.84873 , 3 0 0 0 0 0 ,

ge 0 0 0 404 0 ; 1 0.293906 101.08 2.47553 -3.10621 3.37426 , 2 0.319983 106.977 0.834272 -3.08725 3.57846 , 3 1.14217 112.686 1.39721 -2.7344 3.77017 ,

ge 0 0 0 405 0 ; 1 1.72236 106.449 6.28795 -2.60642 3.55802 , 2 0.130732 101.081 -2.11283 -3.12206 3.89102 , 3 0 0 0 0 0 ,

ge 0 0 0 406 0 ; 1 0.262256 100.074 -1.16747 -2.764 3.3396 , 2 1.4922 106.97 -3.22796 -3.01244 3.57984 , 3 0 0 0 0 0 ,

ge 0 0 0 407 0 ; 1 1.59581 106.387 3.68742 3.50134 3.55274 , 2 0.234368 106.66 0.42203 -3.38878 3.80724 , 3 0.0548111 112.148 2.00881 3.38707 4.10288 ,

ge 0 0 0 408 0 ; 1 0.523814 101.134 -0.664927 3.28447 3.37531 , 2 0.732262 106.357 1.68487 3.47212 3.56645 , 3 0.470146 112.174 4.90147 -3.58213 3.88976 ,

ge 0 0 0 409 0 ; 1 0.487688 100.591 0.452519 2.43895 3.35636 , 2 0.126587 106.185 2.81028 3.27732 3.56078 , 3 0.908997 112.651 4.46093 2.8583 3.78384 ,

ge 0 0 0 410 0 ; 1 1.10113 100.985 -5.69578 -2.76326 3.37512 , 2 0.287558 106.552 -6.84531 2.80898 3.64064 , 3 0.0984083 113.108 -6.79276 3.13986 3.85959 ,

ge 0 0 0 411 0 ; 1 1.27188 101.019 -4.10133 2.45013 3.37339 , 2 0.166524 107.05 4.20544 3.48339 3.71754 , 3 0.309382 112.558 6.08447 2.68025 3.91349 ,

ge 0 0 0 412 0 ; 1 1.71285 106.658 3.63245 -3.45102 3.56164 , 2 0.139407 101.068 -3.86768 3.34181 3.94724 , 3 0.0445825 112.087 -0.0922794 3.11335 4.33587 ,

ge 0 0 0 413 0 ; 1 1.6076 100.501 -6.85511 -3.17509 3.3618 , 2 0.131269 100.849 4.01236 2.84332 3.77634 , 3 0.0313274 106.205 5.70901 3.50345 3.96503 ,

ge 0 0 0 414 0 ; 1 0.258354 101.044 4.20155 2.87205 3.37473 , 2 1.51242 112.992 1.3555 2.9552 3.78444 , 3 0.0930333 107.113 0.609392 2.97322 3.98212 ,

ge 0 0 0 415 0 ; 1 1.62034 107.015 6.73515 2.75481 3.57789 , 2 0.164436 106.795 3.18559 -2.57992 3.79175 , 3 0 0 0 0 0 ,

ge 0 0 0 416 0 ; 1 1.25299 106.41 0.776923 3.00063 3.55097 , 2 0.5408 112.173 5.20648 -3.59104 3.87827 , 3 0.0704401 112.355 1.26557 3.02401 4.13519 ,

ge 0 0 0 417 0 ; 1 0.428132 106.886 -2.03379 3.54241 3.56795 , 2 1.13933 113.021 0.084757 2.89551 3.78549 , 3 0.0278725 112.844 1.4505 -2.80809 3.98121 ,

ge 0 0 0 418 0 ; 1 0.187142 100.778 0.204125 3.00902 3.36311 , 2 0.199514 107.159 -1.22586 2.81737 3.58132 , 3 0.703256 112.366 -1.10783 3.21426 3.75554 ,

ge 0 0 0 419 0 ; 1 0.163016 100.055 2.22589 3.55446 3.34041 , 2 0.849958 106.508 3.55968 3.04766 3.56087 , 3 0.139789 112.829 0.157736 3.33652 3.8005 ,

ge 0 0 0 420 0 ; 1 1.16868 106.25 -0.820949 2.84371 3.5455 , 2 0.505324 112.189 -3.37112 -3.34284 3.84396 , 3 0.168107 112.375 -3.16264 -3.27068 3.85356 ,

ge 0 0 0 421 0 ; 1 1.3885 100.235 -5.13613 -3.58986 3.35 , 2 0.319133 106.761 4.88991 3.12819 3.80765 , 3 0.0110649 112.37 6.5756 -3.27883 4.0972 ,

ge 0 0 0 422 0 ; 1 0.221389 100.723 -4.57519 -3.0269 3.36474 , 2 1.51728 112.823 -2.16167 -2.50053 3.77667 , 3 0.0153989 106.813 -2.1359 3.40915 4.05782 ,

ge 0 0 0 423 0 ; 1 0.187528 106.981 -6.99754 3.4039 3.57796 , 2 0.151713 113.059 -6.11893 2.80398 3.78379 , 3 0.790762 112.285 3.73956 -3.46175 3.76209 ,

ge 0 0 0 424 0 ; 1 1.58905 100.753 1.44598 2.72379 3.36233 , 2 0.157319 100.924 4.53581 -2.52445 3.56556 , 3 0.11443 106.131 5.51564 -3.19613 3.74371 ,

ge 0 0 0 425 0 ; 1 0.270077 101.142 1.90867 2.65074 3.37548 , 2 1.47587 112.475 5.45177 2.67792 3.77171 , 3 0.180351 106.858 -0.668636 2.58723 3.74675 ,

ge 0 0 0 426 0 ; 1 0.403937 100.173 -3.53318 -2.43549 3.34448 , 2 1.37568 112.116 0.504579 -2.98847 3.76541 , 3 0.0622538 106.585 -1.25346 -3.03182 3.95901 ,

ge 0 0 0 427 0 ; 1 0.634919 100.531 4.58809 3.07043 3.35841 , 2 0.593951 106.939 1.51547 3.31604 3.59559 , 3 0.328543 112.671 -2.46813 -2.93961 3.90825 ,

ge 0 0 0 428 0 ; 1 1.24555 100.103 -0.711151 -3.03466 3.34068 , 2 0.529087 106.935 5.98418 3.17269 3.72106 , 3 0.0905638 106.44 6.00513 -2.76507 3.91981 ,

ge 0 0 0 429 0 ; 1 0.480806 100.82 -0.683793 2.44965 3.36405 , 2 0.132036 106.851 -3.23932 3.25898 3.58422 , 3 0.54826 112.131 -4.88614 2.64226 3.76983 ,

ge 0 0 0 430 0 ; 1 1.76528 112.03 -0.146645 -2.4468 3.7378 , 2 0.109464 100.667 0.699353 2.56073 4.15294 , 3 0.015421 106.487 2.71334 -2.59921 4.42093 ,

ge 0 0 0 431 0 ; 1 1.73664 106.299 4.55088 2.66518 3.55011 , 2 0.109719 101.085 2.04394 -2.80259 3.81564 , 3 0.0208047 107.179 -1.22745 -3.22267 4.04677 ,

ge 0 0 0 432 0 ; 1 1.60721 106.506 -3.43758 -2.52678 3.5555 , 2 0.192264 106.438 6.87654 3.56659 3.95511 , 3 0.0732822 112.151 5.28735 3.43537 4.15296 ,

ge 0 0 0 433 0 ; 1 0.109475 100.487 -2.55322 -3.33272 3.35482 , 2 0.856114 106.304 -2.30316 -2.60114 3.55055 , 3 0.0822429 113.059 -5.79036 2.74321 3.86051 ,

ge 0 0 0 434 0 ; 1 0.142866 101.163 1.39599 -3.17201 3.37641 , 2 1.62662 112.543 3.67383 -2.65961 3.76392 , 3 0.104374 106.468 4.53761 -3.30566 3.96975 ,

ge 0 0 0 435 0 ; 1 1.62968 106.65 1.39304 2.83324 3.559 , 2 0.165909 106.092 1.11215 -2.8542 3.74985 , 3 0.0684592 112.631 4.63371 -2.77223 3.9976 ,

ge 0 0 0 436 0 ; 1 0.946529 100.92 -3.56873 -3.55914 3.37054 , 2 0.519644 106.114 0.300688 -2.8018 3.58804 , 3 0.213887 112.892 -2.23201 -3.36234 3.83014 ,

ge 0 0 0 437 0 ; 1 1.61934 112.555 5.53535 -2.76378 3.76011 , 2 0.152175 112.258 3.86405 2.97283 3.95966 , 3 0.0680538 100.8 -0.0396885 2.57918 4.36363 ,

ge 0 0 0 438 0 ; 1 1.36957 106.56 4.82097 2.78625 3.55932 , 2 0.439319 112.165 -3.56363 -2.55777 3.94003 , 3 0.0762589 112.156 2.5514 2.65295 4.20802 ,

ge 0 0 0 439 0 ; 1 1.60898 107.101 -1.89695 2.90854 3.57439 , 2 0.156872 106.972 -1.66379 -2.60319 3.75845 , 3 0.0849712 100.011 -3.52486 -3.42181 4.00035 ,

ge 0 0 0 440 0 ; 1 1.7434 112.325 -6.24578 -2.69811 3.75364 , 2 0.118581 106.403 -6.9024 2.88447 4.02601 , 3 0.0283387 106.799 -4.60299 -3.25133 4.24498 ,

ge 0 0 0 441 0 ; 1 0.182601 100.376 3.96715 2.93514 3.35223 , 2 0.281869 106.713 2.79084 2.84832 3.56722 , 3 1.26645 112.851 3.64969 2.82424 3.77398 ,

ge 0 0 0 442 0 ; 1 0.710345 100.886 0.152485 -3.05505 3.36673 , 2 0.889602 106.994 -3.47357 -3.26937 3.60379 , 3 0.0218404 112.081 2.32889 3.38427 3.94367 ,

ge 0 0 0 443 0 ; 1 1.23736 106.361 -1.48984 -3.308 3.54989 , 2 0.552608 112.186 -6.64557 2.57647 3.87523 , 3 0.0303559 106.364 -2.12909 2.96533 4.12136 ,

ge 0 0 0 444 0 ; 1 0.210985 100.624 -3.9371 -3.29504 3.36084 , 2 1.371 106.256 -5.35683 -2.71542 3.55551 , 3 0.257514 106.464 -3.7368 3.03006 3.75476 ,

ge 0 0 0 445 0 ; 1 1.62161 112.64 -2.45916 2.81965 3.75933 , 2 0.10626 112.211 1.66386 -2.72661 3.9903 , 3 0.0982717 106.914 5.42581 -3.37265 4.20808 ,

ge 0 0 0 446 0 ; 1 1.21617 106.157 -1.74137 -3.09378 3.54298 , 2 0.565351 112.143 1.74987 3.41075 3.86002 , 3 0.093187 106.32 0.810947 3.35259 4.05678 ,

ge 0 0 0 447 0 ; 1 1.21009 107.114 -0.370377 -3.48435 3.57484 , 2 0.550052 112.178 -1.76922 2.55115 3.84175 , 3 0.020216 106.809 4.0562 3.30388 4.10718 ,

ge 0 0 0 448 0 ; 1 1.1186 101.082 -3.12976 2.55113 3.37443 , 2 0.60376 106.313 2.22863 2.52621 3.6242 , 3 0.0658822 100.399 4.8368 -3.16459 3.91146 ,

ge 0 0 0 449 0 ; 1 1.62161 100.461 -6.77788 -2.57674 3.35975 , 2 0.17292 100.236 -0.750567 2.80407 3.62936 , 3 0.0536535 112.447 -2.81956 3.09161 4.04257 ,

ge 0 0 0 450 0 ; 1 1.33389 101.034 3.4967 -3.25779 3.37389 , 2 0.441464 106.114 -1.86741 2.88263 3.69434 , 3 0.0577442 100.48 -2.5393 2.4377 3.88419 ,

ge 0 0 0 451 0 ; 1 0.883876 107.163 -3.75114 3.03661 3.57818 , 2 0.891442 112.298 -0.142453 3.35138 3.7878 , 3 0.0163906 107.025 -6.36694 -2.45026 4.12171 ,

ge 0 0 0 452 0 ; 1 1.21725 100.497 -1.52391 2.4767 3.35363 , 2 0.572562 106.264 -6.39386 -3.21654 3.66899 , 3 0.0649191 106.069 -3.83405 2.5212 3.87867 ,

ge 0 0 0 453 0 ; 1 1.62708 112.96 -3.74715 3.14483 3.77147 , 2 0.138763 112.452 -1.58874 -2.99813 3.98931 , 3 0.101803 106.998 2.24076 -2.53643 4.21214 ,

ge 0 0 0 454 0 ; 1 1.76555 113.026 4.07524 3.21871 3.77412 , 2 0 0 0 0 0 , 3 0 0 0 0 0 ,

ge 0 0 0 455 0 ; 1 1.049 100.02 -5.50858 -3.29271 3.34317 , 2 0.346398 106.94 -5.46537 2.96025 3.65428 , 3 0.402686 112.239 -3.5223 2.90948 3.84254 ,

ge 0 0 0 456 0 ; 1 0.417076 101.026 -0.305325 -3.30597 3.37167 , 2 0.950176 106.835 -2.49117 -2.92119 3.57911 , 3 0.111087 112.583 2.05263 -2.88098 3.82353 ,

ge 0 0 0 457 0 ; 1 1.77188 107.196 2.27068 3.00852 3.57787 , 2 0.102722 100.125 1.12321 3.57339 3.81754 , 3 0 0 0 0 0 ,

ge 0 0 0 458 0 ; 1 0.167142 100.819 -4.49274 -2.42152 3.36727 , 2 0.963694 106.159 -3.62054 -2.90836 3.54849 , 3 0.0386571 113.041 0.199106 3.09661 3.87872 ,

ge 0 0 0 459 0 ; 1 0.39841 100.901 -5.11583 -2.41438 3.37096 , 2 0.633855 106.548 -3.349 -2.91529 3.56904 , 3 0.0545983 112.027 -5.38052 -3.15527 3.76413 ,

ge 0 0 0 460 0 ; 1 0.760441 100.064 1.40883 -3.16624 3.33979 , 2 1.01254 112.109 5.77801 2.77899 3.81093 , 3 0 0 0 0 0 ,

ge 0 0 0 461 0 ; 1 1.7224 112.637 -0.172729 3.42219 3.75891 , 2 0.134736 107.174 4.68453 -2.91043 4.08153 , 3 0.0215895 106.295 -2.84752 2.62396 4.39468 ,

ge 0 0 0 462 0 ; 1 1.56257 100.168 0.501553 3.32658 3.34314 , 2 0.186998 100.919 1.96995 -2.80669 3.55499 , 3 0.0529813 106.471 1.45614 -2.98753 3.74106 ,

ge 0 0 0 463 0 ; 1 0.101994 106.841 0.311276 -2.43087 3.56476 , 2 1.66703 112.093 0.509961 -3.41441 3.74312 , 3 0.0973674 101.113 -1.31375 2.70155 4.16676 ,

ge 0 0 0 464 0 ; 1 1.73853 106.371 -6.33091 2.79869 3.55565 , 2 0.125565 100.594 -4.86201 -3.41057 3.84276 , 3 0.019461 112.53 0.204538 2.68229 4.32067 ,

ge 0 0 0 465 0 ; 1 1.63213 100.808 -1.25909 -2.78458 3.36414 , 2 0.179814 100.079 -3.21733 3.43279 3.58293 , 3 0.0353726 106.831 0.552745 2.72346 3.84198 ,

ge 0 0 0 466 0 ; 1 1.23304 100.126 -6.72852 -3.03962 3.34892 , 2 0.389512 106.699 -1.2854 2.5773 3.68971 , 3 0.0654205 112.865 2.14452 -2.8891 3.98742 ,

ge 0 0 0 467 0 ; 1 1.34915 106.407 -4.99196 -3.20845 3.55488 , 2 0.43777 113.039 4.12012 2.82651 3.98131 , 3 0.0716081 101.189 2.65275 3.26401 4.43219 ,

ge 0 0 0 468 0 ; 1 1.60276 106.127 0.243112 -2.95081 3.5414 , 2 0.206288 106.017 6.35328 3.3485 3.83416 , 3 0.0121402 112.345 3.20234 2.6587 4.07108 ,

ge 0 0 0 469 0 ; 1 0.397049 100.576 5.5799 -3.25368 3.36176 , 2 0.640271 107.086 3.69015 -2.67026 3.58872 , 3 0.0964957 112.317 0.665997 2.55123 3.85509 ,

ge 0 0 0 470 0 ; 1 1.18714 100.61 6.35948 -2.70059 3.36391 , 2 0.408471 106.749 2.26867 2.67627 3.6684 , 3 0.0244436 112.99 -3.66433 -2.67906 4.00665 ,

ge 0 0 0 471 0 ; 1 1.70271 112.603 6.23751 -3.19549 3.76331 , 2 0.149007 106.307 -6.65682 2.53091 4.27866 , 3 0.0156839 107.067 -3.86209 -3.54167 4.50308 ,

ge 0 0 0 472 0 ; 1 1.74529 107.153 -0.253794 2.84342 3.5755 , 2 0.117665 100.581 1.49464 -2.99536 3.87448 , 3 0 0 0 0 0 ,

ge 0 0 0 473 0 ; 1 0.819108 100.162 -0.748633 -3.38874 3.34305 , 2 0.339907 106.541 -5.13373 -2.79476 3.602 , 3 0.535074 113.089 -5.22506 -3.09251 3.82069 ,

ge 0 0 0 474 0 ; 1 1.60027 100.933 -1.3607 2.97726 3.36855 , 2 0.167893 100.861 -6.49451 -3.02843 3.6321 , 3 0.0970328 106.744 -6.6761 -3.52137 3.82912 ,

ge 0 0 0 475 0 ; 1 1.05553 106.832 -1.50215 -3.09554 3.56539 , 2 0.717227 113.119 -2.92023 2.58731 3.852 , 3 0.0513409 112.84 -0.650932 -2.78786 4.04684 ,

ge 0 0 0 476 0 ; 1 1.16072 100.645 -5.92178 3.03993 3.36449 , 2 0.616749 106.546 -5.40747 -3.41113 3.65662 , 3 0.10205 100.858 -3.66226 -2.93324 3.85683 ,

ge 0 0 0 477 0 ; 1 0.571687 100.168 4.42076 -2.48218 3.34554 , 2 0.223774 106.583 1.61577 -2.6799 3.57915 , 3 0.575638 112.458 -4.18172 -2.81009 3.8545 ,

ge 0 0 0 478 0 ; 1 0.15111 100.719 -3.52149 -3.12353 3.36328 , 2 1.58054 112.729 -6.3445 -2.77156 3.77498 , 3 0.0775643 106.991 2.15611 2.92357 4.16629 ,

ge 0 0 0 479 0 ; 1 1.35983 100.102 -5.79129 -2.4898 3.34566 , 2 0.436439 106.902 4.33718 2.75192 3.78856 , 3 0.0488032 100.994 2.53853 2.78448 3.99454 ,

ge 0 0 0 480 0 ; 1 1.15846 106.962 -0.683341 -2.54514 3.56894 , 2 0.596195 112.839 6.12069 -3.33935 3.87002 , 3 0.0324498 112.731 2.08932 3.29766 4.12908 ,

ge 0 0 0 481 0 ; 1 0.220177 100.679 -2.05861 -2.68773 3.36019 , 2 0.517103 106.944 -0.704389 -3.48657 3.57566 , 3 0.543681 112.158 2.92206 -2.4104 3.79052 ,

ge 0 0 0 482 0 ; 1 1.01682 100.585 0.696188 2.46022 3.35625 , 2 0.307657 106.39 -0.428338 -2.49084 3.61349 , 3 0.401515 112.064 -3.471 -2.8115 3.82852 ,

ge 0 0 0 483 0 ; 1 1.77208 106.339 -4.82489 2.52132 3.55172 , 2 0.105106 100.836 -5.30676 2.92879 3.73648 , 3 0 0 0 0 0 ,

ge 0 0 0 484 0 ; 1 0.254362 100.992 -5.75179 -3.48366 3.37621 , 2 1.4729 107.138 -4.41956 -3.42998 3.58596 , 3 0.0914522 100.291 -1.05074 3.32442 3.92589 ,

ge 0 0 0 485 0 ; 1 1.71488 106.29 -3.14305 3.21872 3.54864 , 2 0.144799 100.176 5.74558 -2.45468 3.95523 , 3 0.0401952 106.799 -5.276 -3.46015 4.38644 ,

ge 0 0 0 486 0 ; 1 0.622692 100.512 -2.33944 2.57275 3.35471 , 2 1.15436 112.45 -5.91906 -2.45226 3.80298 , 3 0.0958408 100.88 -3.72692 -2.49619 4.1958 ,

ge 0 0 0 487 0 ; 1 0.677036 100.28 0.95358 -3.42861 3.34708 , 2 0.914071 106.632 4.60454 -3.14992 3.59164 , 3 0.211356 107.105 5.04147 3.17685 3.80377 ,

ge 0 0 0 488 0 ; 1 0.251805 106.348 -0.967833 2.90667 3.54885 , 2 1.48966 112.812 0.674922 2.50775 3.77174 , 3 0.0422592 106.868 -4.53118 -3.24429 4.09774 ,

ge 0 0 0 489 0 ; 1 0.315731 100.205 2.60711 -2.47997 3.34463 , 2 1.46214 112.514 6.90807 -2.54204 3.77955 , 3 0 0 0 0 0 ,

ge 0 0 0 490 0 ; 1 1.58908 112.001 0.000460713 -3.33216 3.73759 , 2 0.181722 112.28 -1.35968 3.31705 3.96417 , 3 0.0774473 106.416 -2.14219 3.48763 4.16158 ,

ge 0 0 0 491 0 ; 1 0.436924 106.347 0.416441 -3.54691 3.54937 , 2 1.31098 112.46 2.70752 -2.85869 3.76833 , 3 0.0337406 101.066 5.5325 2.57233 4.19978 ,

ge 0 0 0 492 0 ; 1 0.599011 100.914 -1.63522 -3.44607 3.36853 , 2 0.279004 106.102 -4.36999 -3.33935 3.56418 , 3 0.785168 112.111 -4.73023 -2.85473 3.76563 ,

ge 0 0 0 493 0 ; 1 1.74592 106.859 -0.467083 -2.77178 3.56566 , 2 0.118852 100.289 -0.909879 3.20549 3.8623 , 3 0.0324211 107.098 -1.33741 2.85517 4.09019 ,

ge 0 0 0 494 0 ; 1 0.154648 100.51 -0.206384 -3.54728 3.35475 , 2 1.4155 106.761 -0.89808 -2.64967 3.56666 , 3 0.0313522 106.337 -2.44343 2.43615 3.74452 ,

ge 0 0 0 495 0 ; 1 0.596296 107.108 -6.46801 2.46925 3.5802 , 2 0.935294 112.48 -4.14249 2.85048 3.77587 , 3 0.0363509 112.096 4.77261 -2.46673 4.12236 ,

ge 0 0 0 496 0 ; 1 0.187703 100.376 1.20533 -2.75318 3.34968 , 2 0.159532 106.414 -0.0385806 -2.40971 3.55565 , 3 1.40691 113.1 -0.238083 -3.09143 3.77993 ,

ge 0 0 0 497 0 ; 1 1.01562 100.066 -4.03932 -3.22719 3.34228 , 2 0.585743 107.132 1.90332 -2.84545 3.65051 , 3 0.0146216 112.412 -1.55486 3.12233 3.94028 ,

ge 0 0 0 498 0 ; 1 1.63254 106.962 -3.68009 3.30079 3.57168 , 2 0.188851 106.289 -2.7489 -3.32539 3.796 , 3 0.0230889 100.844 3.8232 3.31235 4.15665 ,

ge 0 0 0 499 0 ; 1 1.57522 100.621 3.16694 2.5744 3.3591 , 2 0.226508 101.035 3.9112 -2.98019 3.54655 , 3 0.0314835 112.472 2.32028 2.49988 3.97291 ,

ge 0 0 0 500 0 ; 1 1.14002 100.413 -1.45639 -3.26507 3.35155 , 2 0.344295 106.553 5.30533 -3.34237 3.6562 , 3 0.143282 112.824 4.76707 -2.78279 3.86701 ,

ge 0 0 0 501 0 ; 1 1.22172 106.63 1.04676 -3.01644 3.5584 , 2 0.558815 112.049 4.9071 2.79253 3.85301 , 3 0 0 0 0 0 ,

ge 0 0 0 502 0 ; 1 1.22199 100.874 2.07824 3.40947 3.36743 , 2 0.494216 106.392 -4.9123 2.73436 3.66536 , 3 0.125142 113.125 2.12594 3.47331 3.99118 ,

ge 0 0 0 503 0 ; 1 0.995717 101.141 0.877388 3.58487 3.37593 , 2 0.794302 112.261 -5.55412 -3.11993 3.8593 , 3 0.0655945 106.307 3.09667 2.91804 4.26337 ,

ge 0 0 0 504 0 ; 1 1.22835 100.436 5.9299 3.50854 3.35805 , 2 0.428367 106.523 -1.30266 2.82553 3.67419 , 3 0.185835 106.779 -1.82472 -2.66179 3.85825 ,

ge 0 0 0 505 0 ; 1 0.508616 101.046 3.86423 3.29733 3.37478 , 2 1.17948 112.074 -0.460706 2.67254 3.77047 , 3 0.0611103 106.974 -6.84562 2.73454 4.04305 ,

ge 0 0 0 506 0 ; 1 1.32209 100.734 -4.09525 3.45573 3.36487 , 2 0.290026 106.166 1.02412 -3.12197 3.69673 , 3 0.0371018 112.58 -0.24564 -3.1288 3.91482 ,

ge 0 0 0 507 0 ; 1 0.308036 106.172 -1.53857 -2.95953 3.54328 , 2 1.46987 112.614 0.384593 -2.93391 3.76753 , 3 0.0114463 100.757 -3.67103 -3.30363 4.18573 ,

ge 0 0 0 508 0 ; 1 0.14919 100.645 1.03787 2.67433 3.35853 , 2 0.725373 107.183 -0.240222 2.84605 3.5808 , 3 0.900213 112.998 -6.21589 3.02293 3.85899 ,

ge 0 0 0 509 0 ; 1 1.72894 100.949 -3.5926 2.94631 3.37085 , 2 0.143273 100.916 0.572103 -3.48189 18.4168 , 3 0.0271969 106.065 -3.11476 -3.22569 18.6282 ,

ge 0 0 0 510 0 ; 1 1.59712 106.614 1.41705 -3.41238 3.55841 , 2 0.230134 106.759 -0.874274 2.83344 3.78037 , 3 0.040892 113.167 0.753345 -3.39033 4.08325 ,

ge 0 0 0 511 0 ; 1 1.61677 101.136 0.959845 3.54677 3.37576 , 2 0.156867 100.839 -2.30183 -2.60937 3.60836 , 3 0.0576915 106.201 -2.26684 -3.35215 3.78893 ,

ge 0 0 0 512 0 ; 1 1.34916 106.509 5.68595 2.89993 3.55914 , 2 0.431257 112.711 -2.68266 -2.81894 3.9555 , 3 0.0679978 112.124 -2.63237 2.51463 4.13449 ,

ge 0 0 0 513 0 ; 1 1.2179 101.124 2.32534 -2.63556 3.37515 , 2 0.454535 106.69 -2.1172 2.60548 3.6701 , 3 0.147893 112.643 4.8023 3.59457 3.97636 ,

ge 0 0 0 514 0 ; 1 0.35245 101.036 -5.19725 -2.87755 3.37603 , 2 1.18278 106.398 -3.65381 -2.9281 3.56216 , 3 0.0474019 106.784 1.04414 3.11979 3.81793 ,

ge 0 0 0 515 0 ; 1 1.61558 112.754 -2.63639 -2.82048 3.76328 , 2 0.210343 112.376 4.39577 3.5974 4.0811 , 3 0.0667172 107.11 3.29386 -3.57682 4.38023 ,

ge 0 0 0 516 0 ; 1 0.596801 100.875 -0.62655 2.90992 3.36629 , 2 1.16341 113.16 -6.93164 2.62652 3.82698 , 3 0.0877 106.768 2.1571 -3.44245 4.24929 ,

ge 0 0 0 517 0 ; 1 1.23673 106.546 1.23592 3.02792 3.55567 , 2 0.544348 112.635 -4.05442 -2.87341 3.88904 , 3 0.0716942 106.371 -3.39322 -2.8386 4.09915 ,

ge 0 0 0 518 0 ; 1 1.57829 106.251 -0.195543 2.80433 3.5454 , 2 0.186763 106.667 -1.78557 -3.02149 3.74731 , 3 0.0405462 100.774 -2.69549 -3.42216 3.94667 ,

ge 0 0 0 519 0 ; 1 0.595474 100.121 4.85964 3.0231 3.34513 , 2 1.07727 106.027 2.27254 2.63944 3.56059 , 3 0.0576693 100.765 -3.96545 -3.10069 3.89341 ,

ge 0 0 0 520 0 ; 1 0.15907 106.185 2.2895 3.58221 3.54502 , 2 0.645837 112.505 2.86801 2.83328 3.75819 , 3 0 0 0 0 0 ,

ge 0 0 0 521 0 ; 1 0.149739 101.121 -2.61774 3.42343 3.37611 , 2 0.74737 107.014 -1.93458 2.7493 3.57527 , 3 0.164668 113.184 -0.258772 -2.86254 3.85902 ,

ge 0 0 0 522 0 ; 1 0.204363 107.148 -3.57389 -3.0932 3.57756 , 2 1.50965 112.933 -2.3504 -3.23524 3.77483 , 3 0.0542023 106.441 3.53384 2.54148 4.1249 ,

ge 0 0 0 523 0 ; 1 0.816967 100.15 -5.66747 -2.67589 3.34717 , 2 0.845959 112.259 1.70114 -3.37937 3.82059 , 3 0.0796609 112.904 0.213843 2.53588 4.02517 ,

ge 0 0 0 524 0 ; 1 1.26803 106.988 4.6779 2.64666 3.57325 , 2 0.501932 112.048 1.11255 -3.21817 3.85768 , 3 0.0507015 107.012 0.15006 -3.07514 4.02877 ,

ge 0 0 0 525 0 ; 1 1.07014 100.912 -2.44584 -2.82632 3.36839 , 2 0.294756 106.785 -2.74414 2.74728 3.63863 , 3 0.417439 113.163 -4.25646 3.0522 3.85754 ,

ge 0 0 0 526 0 ; 1 1.17889 106.975 6.30232 3.26654 3.57616 , 2 0.526203 112.406 0.502207 2.49617 3.84245 , 3 0.0403165 106.726 -2.76928 -3.07233 4.12934 ,

ge 0 0 0 527 0 ; 1 0.649689 100.467 -3.04829 -3.04971 3.3543 , 2 1.12729 112.531 -3.21759 3.08642 3.8058 , 3 0.0447937 106.213 -4.19064 2.56495 4.01971 ,

ge 0 0 0 528 0 ; 1 0.132417 100.564 0.179553 -3.3402 3.35631 , 2 0.89248 107.13 1.42322 -3.26504 3.57924 , 3 0.410368 112.239 -1.59605 -2.78211 3.77784 ,

ge 0 0 0 529 0 ; 1 0.715757 107.059 4.85608 -2.78504 3.57599 , 2 1.03436 112.03 2.22155 -3.49801 3.76516 , 3 0.0920398 101.007 -1.68549 3.04014 4.2121 ,

ge 0 0 0 530 0 ; 1 0.701762 100.41 -5.59158 3.55539 3.35662 , 2 1.02349 112.353 -5.59962 -2.87367 3.80902 , 3 0.126843 112.398 -5.85419 2.6563 3.99369 ,

ge 0 0 0 531 0 ; 1 0.264001 106.505 2.29282 3.11893 3.55497 , 2 1.30878 112.918 0.811585 2.46075 3.77562 , 3 0.011566 112.822 0.421097 -3.45189 3.9733 ,

ge 0 0 0 532 0 ; 1 0.394511 100.692 -1.13877 2.42941 3.3599 , 2 1.31995 106.628 0.94503 3.05883 3.57082 , 3 0.130836 100.584 5.89821 -2.91958 3.89901 ,

ge 0 0 0 533 0 ; 1 1.75189 112.604 6.02443 -2.71596 3.76253 , 2 0.112367 100.686 -3.75416 -3.31653 4.27715 , 3 0.0337293 106.199 -1.33859 2.75438 4.5623 ,

ge 0 0 0 534 0 ; 1 1.62966 106.718 -1.198 2.50081 3.56093 , 2 0.182448 106.077 2.68187 -2.63391 3.77666 , 3 0.0252475 112.741 6.23796 3.34613 4.09802 ,

ge 0 0 0 535 0 ; 1 1.61828 100.245 -6.93796 2.58317 3.35292 , 2 0.130401 100.123 1.54982 -3.25128 3.69651 , 3 0.12269 106.545 4.1161 -3.38058 3.92721 ,

ge 0 0 0 536 0 ; 1 1.24237 100.544 -6.06518 -2.60953 3.36102 , 2 0.536015 106.095 0.802282 -2.93524 3.65577 , 3 0 0 0 0 0 ,

ge 0 0 0 537 0 ; 1 1.56884 112.187 2.58036 2.5806 3.74421 , 2 0.236421 112.563 4.76189 -3.4451 3.95834 , 3 0 0 0 0 0 ,

ge 0 0 0 538 0 ; 1 1.13047 101.013 -3.53357 -2.5657 3.37257 , 2 0.643655 107.195 -0.480169 3.02477 3.66867 , 3 0.0385194 106.851 -0.525476 -2.49308 3.85309 ,

ge 0 0 0 539 0 ; 1 0.630365 100.419 -3.27281 3.14624 3.35302 , 2 1.02465 107.015 -0.126869 2.56668 3.59755 , 3 0.135382 106.165 -0.9241 -3.27863 3.79637 ,

ge 0 0 0 540 0 ; 1 1.62955 106.925 4.38355 2.91221 3.57096 , 2 0.198962 106.386 1.94303 -3.04391 3.78642 , 3 0.0682083 113.198 0.496045 2.88894 4.09158 ,

ge 0 0 0 541 0 ; 1 1.76378 112.863 -3.96227 -2.98259 3.76833 , 2 0.108085 100.97 -1.98734 2.70535 4.21296 , 3 0.0250438 106.384 -2.97143 3.59302 4.39887 ,

ge 0 0 0 542 0 ; 1 1.28876 100.368 -0.632118 3.4105 3.34991 , 2 0.391663 106.712 5.65379 -3.50554 3.7267 , 3 0.0210931 112.901 1.93016 -2.63226 3.96937 ,

ge 0 0 0 543 0 ; 1 0.278659 106.271 0.948579 -3.33015 3.5467 , 2 1.42034 112.557 -0.663422 -2.71398 3.76413 , 3 0.157999 106.977 -5.69266 2.43434 4.06789 ,

ge 0 0 0 544 0 ; 1 0.650623 100.129 4.27996 3.24517 3.34474 , 2 0.664557 106.33 1.23755 3.10042 3.57519 , 3 0.178486 112.923 4.2624 2.82809 3.81732 ,

ge 0 0 0 545 0 ; 1 1.10701 101.199 -0.993453 -2.76976 3.37705 , 2 0.32751 107.189 -2.85254 3.05128 3.66249 , 3 0.264343 112.388 -4.84123 2.55821 3.84888 ,

ge 0 0 0 546 0 ; 1 0.3472 101.118 -1.09954 -3.192 3.37481 , 2 0.652439 106.737 0.533484 -2.49826 3.57135 , 3 0.153643 112.758 6.46023 2.94967 3.90668 ,

ge 0 0 0 547 0 ; 1 1.75876 106.075 -3.88291 -3.49363 3.54256 , 2 0.116974 100.608 -6.81611 -3.51568 3.74951 , 3 0 0 0 0 0 ,

ge 0 0 0 548 0 ; 1 1.72716 106.935 -1.6976 -3.50465 3.56934 , 2 0.122966 100.406 6.90534 -3.24236 3.92971 , 3 0.0223514 106.915 5.27647 3.40689 4.2448 ,

ge 0 0 0 549 0 ; 1 1.62851 101.165 2.74611 -2.46562 3.37675 , 2 0.155709 100.607 3.37147 3.10483 3.56465 , 3 0.0201803 106.44 5.83363 3.46002 3.77618 ,

ge 0 0 0 550 0 ; 1 0.312188 100.818 -1.70501 2.62085 3.36453 , 2 0.494882 106.191 -0.129097 3.13572 3.55212 , 3 0.174228 112.019 5.77269 3.56953 3.82916 ,

ge 0 0 0 551 0 ; 1 1.77268 107.035 -0.892353 2.98714 3.57181 , 2 0.105787 100.49 -0.122419 3.17452 3.79171 , 3 0.0235403 112.743 2.0718 2.54684 4.20746 ,

ge 0 0 0 552 0 ; 1 1.61761 106.566 -3.01943 -2.89426 3.5574 , 2 0.183193 106.259 2.03963 2.43014 3.8026 , 3 0.013574 100.635 4.235 -2.43041 4.06114 ,

ge 0 0 0 553 0 ; 1 0.575204 100.635 -3.12646 -2.44022 3.35942 , 2 0.2215 106.493 -0.467362 -2.83198 3.5744 , 3 0.887155 112.381 5.3208 -2.48191 3.85007 ,

ge 0 0 0 554 0 ; 1 1.1218 106.522 3.35807 3.01102 3.55636 , 2 0.661753 112.513 -2.81873 3.41087 3.84371 , 3 0 0 0 0 0 ,

ge 0 0 0 555 0 ; 1 1.278 101.076 5.38283 -2.91212 3.37769 , 2 0.456071 107.157 -0.0102558 3.30405 3.71902 , 3 0.0728372 100.609 -4.79003 2.70203 3.9902 ,

ge 0 0 0 556 0 ; 1 1.19661 100.781 6.40521 2.6362 3.36964 , 2 0.341849 106.28 0.275585 2.86522 3.64441 , 3 0.249944 112.77 -0.421739 -3.12166 3.93987 ,

ge 0 0 0 557 0 ; 1 0.954339 101.162 5.49643 -3.50028 3.3814 , 2 0.835264 113.143 -0.359244 3.10325 3.87778 , 3 0.0856955 107.08 6.08698 -3.21307 4.24044 ,

ge 0 0 0 558 0 ; 1 1.07236 100.395 -3.67079 2.6634 3.35224 , 2 0.692376 106.815 -5.66798 -3.29067 3.65179 , 3 0.0793614 107.12 -0.596767 2.69111 3.91358 ,

ge 0 0 0 559 0 ; 1 1.07797 106.801 -1.5688 -2.7702 3.56408 , 2 0.683755 112.319 -1.62024 2.55595 3.81991 , 3 0.0476608 112.918 -2.70579 -2.5052 3.99372 ,

ge 0 0 0 560 0 ; 1 1.74287 106.117 4.79102 3.24806 3.54495 , 2 0.122897 100.758 -0.654715 2.47439 3.80112 , 3 0 0 0 0 0 ,

ge 0 0 0 561 0 ; 1 0.151925 100.015 -3.63485 2.44053 3.33933 , 2 1.60932 112.943 -6.82151 2.82661 3.78367 , 3 0.0520238 106.394 -0.529388 3.19035 4.08687 ,

ge 0 0 0 562 0 ; 1 0.1027 101.193 3.68568 -3.55337 3.37974 , 2 0.40464 106.954 4.24249 -2.85367 3.5742 , 3 1.11862 112.349 6.88721 -2.96339 3.77466 ,

ge 0 0 0 563 0 ; 1 1.58621 100.455 -5.50307 -2.5672 3.35693 , 2 0.142117 100.818 -3.46787 2.70107 3.54571 , 3 0.106 106.534 4.72019 2.9429 3.87891 ,

ge 0 0 0 564 0 ; 1 1.55567 112.115 -1.94345 -2.92814 3.7416 , 2 0.234525 113.157 2.53302 3.16427 3.99616 , 3 0.0278187 106.66 0.14891 3.54789 4.22736 ,

ge 0 0 0 565 0 ; 1 1.59963 100.723 -4.8735 -3.04427 3.36521 , 2 0.177103 101.152 4.99868 3.58388 3.7621 , 3 0.0771667 112.648 4.94705 2.65816 4.14681 ,

ge 0 0 0 566 0 ; 1 1.29296 106.974 -5.21539 3.5796 3.57451 , 2 0.379694 112.939 3.26496 3.17647 3.9206 , 3 0.123444 113.081 4.0618 -2.72022 4.11914 ,

ge 0 0 0 567 0 ; 1 1.22485 100.636 -4.66581 -3.10942 3.36207 , 2 0.295755 106.094 -2.72345 3.32098 3.65076 , 3 0.138496 112.938 -2.16704 2.84107 3.88039 ,

ge 0 0 0 568 0 ; 1 1.60613 106.014 3.42773 3.04331 3.53955 , 2 0.194095 106.019 -1.0284 -2.41794 3.77466 , 3 0.0358654 112.872 3.01513 -3.02736 4.04086 ,

ge 0 0 0 569 0 ; 1 0.131844 100.298 -2.77211 2.88094 3.34823 , 2 1.46554 106.409 -4.09075 2.78124 3.55679 , 3 0.148463 106.084 -5.28999 -2.80716 3.74775 ,

ge 0 0 0 570 0 ; 1 0.322344 101.035 4.56373 -3.27613 3.37537 , 2 0.520882 107.006 6.75985 -3.05005 3.58772 , 3 0.333045 112.343 5.80736 -3.03542 3.76856 ,

ge 0 0 0 571 0 ; 1 1.07581 100.404 1.0925 3.30726 3.35113 , 2 0.698964 106.686 0.895259 -2.64168 3.63979 , 3 0.0184608 106.362 -0.0469358 2.40422 3.81136 ,

ge 0 0 0 572 0 ; 1 1.57502 106.566 -3.42709 -3.06505 3.55795 , 2 0.190862 107.089 -1.73481 2.49015 3.75244 , 3 0.0131232 112.462 -2.84157 2.43414 3.93543 ,

ge 0 0 0 573 0 ; 1 0.983588 100.402 2.18326 -3.51189 3.35187 , 2 0.138257 106.696 -3.06974 -3.41472 3.62537 , 3 0.524045 112.012 -4.68663 -3.23612 3.81081 ,

ge 0 0 0 574 0 ; 1 1.25796 101.069 2.63605 3.22447 3.37416 , 2 0.521327 106.054 -0.0167244 -2.88704 3.65171 , 3 0.0117792 100.348 -0.166799 -2.59996 3.84234 ,

ge 0 0 0 575 0 ; 1 0.106683 100.439 -0.665999 -3.1003 3.35194 , 2 0.301891 106.934 0.390166 -3.48425 3.57181 , 3 1.26089 112.272 -0.193648 -2.85557 3.75216 ,

ge 0 0 0 576 0 ; 1 0.642296 100.343 -5.88733 -2.64262 3.354 , 2 1.04212 112.178 -0.344903 -2.77282 3.78993 , 3 0.157121 106.318 6.85505 -2.47978 4.09972 ,

ge 0 0 0 577 0 ; 1 1.57734 106.334 3.08898 3.28285 3.55012 , 2 0.244952 106.83 4.3263 -3.51377 3.78115 , 3 0.0147234 100.503 -4.41403 2.99147 4.20142 ,

ge 0 0 0 578 0 ; 1 1.60671 100.313 -5.31395 -3.32099 3.35261 , 2 0.202689 100.453 0.475942 3.50809 3.65129 , 3 0.0528957 106.909 2.11634 -2.50734 3.95068 ,

ge 0 0 0 579 0 ; 1 0.454827 100.92 -0.399372 -3.12152 3.36797 , 2 0.22614 106.33 1.80106 -3.24 3.56281 , 3 0.400682 112.107 2.0849 -3.53131 3.75599 ,

ge 0 0 0 580 0 ; 1 1.58265 106.341 -2.70935 2.48239 3.54928 , 2 0.239857 106.608 -4.28254 -3.02066 3.7404 , 3 0 0 0 0 0 ,

ge 0 0 0 581 0 ; 1 1.04034 100.72 0.0785669 -2.97217 3.36114 , 2 0.734617 107.091 -1.94801 2.41429 3.6475 , 3 0.103712 100.463 1.99353 2.6585 3.90485 ,

ge 0 0 0 582 0 ; 1 1.16866 100.165 1.12637 3.25326 3.34313 , 2 0.466166 106.416 -2.72397 -2.59238 3.65615 , 3 0.117847 112.566 -6.83094 3.39886 3.97363 ,

ge 0 0 0 583 0 ; 1 0.198842 100.071 -4.00759 2.58972 3.34181 , 2 1.37757 106.062 -2.84702 2.40454 3.54545 , 3 0.20938 106.511 -3.7357 -3.23117 3.73634 ,

ge 0 0 0 584 0 ; 1 0.453439 100.301 -4.87415 3.4746 3.35162 , 2 1.09263 106.147 -3.11606 2.51204 3.55778 , 3 0.285926 106.189 -2.18814 -3.39875 3.75736 ,

ge 0 0 0 585 0 ; 1 1.2837 100.873 -3.2243 -3.05364 3.36801 , 2 0.448526 106.371 1.07128 3.42099 3.68552 , 3 0.0200042 100.108 6.64894 2.62536 3.96654 ,

ge 0 0 0 586 0 ; 1 1.07622 101.131 6.66199 -3.23782 3.38242 , 2 0.246853 106.909 1.52654 -3.42489 3.64033 , 3 0.33784 112.876 0.94207 -2.63419 3.84205 ,

ge 0 0 0 587 0 ; 1 0.980502 106.964 1.33495 -2.55171 3.56923 , 2 0.790096 113.143 0.654286 2.51204 3.83667 , 3 0.0608181 106.373 3.94267 2.55931 4.08773 ,

ge 0 0 0 588 0 ; 1 1.29926 100.709 -5.94166 2.69658 3.36633 , 2 0.18646 106.396 0.247641 -2.40609 3.69433 , 3 0.34308 112.538 1.95491 -2.52752 3.90698 ,

ge 0 0 0 589 0 ; 1 1.60938 106.719 -4.45233 3.24784 3.56451 , 2 0.216177 106.702 6.40717 -3.11368 3.98433 , 3 0.0214087 112.492 1.04906 -2.55766 4.24812 ,

ge 0 0 0 590 0 ; 1 0.491677 100.247 5.21866 -2.52883 3.34947 , 2 1.27611 113.185 4.92928 2.6307 3.8142 , 3 0.0849368 106.554 3.87972 3.4586 4.03985 ,

ge 0 0 0 591 0 ; 1 1.61579 112.847 -0.343177 -2.43571 3.76506 , 2 0.141033 112.477 -3.51182 3.17821 3.98044 , 3 0.102556 107.126 -6.02847 2.96145 4.17783 ,

ge 0 0 0 592 0 ; 1 0.463446 100.16 -1.03378 -3.44458 3.34314 , 2 0.321781 106.053 1.15244 -2.70455 3.55423 , 3 0.451171 112.413 0.829722 -2.73191 3.76667 ,

ge 0 0 0 593 0 ; 1 1.17176 107.038 -3.66134 2.77024 3.5737 , 2 0.629171 112.873 -6.60635 -3.46659 3.87504 , 3 0.0308 100.581 0.179413 3.24215 4.39408 ,

ge 0 0 0 594 0 ; 1 1.06453 100.155 0.894609 2.74241 3.34219 , 2 0.34843 106.756 3.51716 -2.971 3.64625 , 3 0.36135 112.396 3.26969 -2.66431 3.83484 ,

ge 0 0 0 595 0 ; 1 1.27641 101.079 -4.68661 2.45061 3.37626 , 2 0.358455 107.169 3.70974 2.77659 3.7224 , 3 0.0313534 107.085 6.62529 -3.46779 3.95229 ,

ge 0 0 0 596 0 ; 1 0.22122 100.123 6.1899 2.65963 3.34731 , 2 1.06937 106.855 4.93245 3.24063 3.57656 , 3 0.021023 112.343 -0.693596 -3.42079 3.92021 ,

ge 0 0 0 597 0 ; 1 1.58147 106.168 -0.166138 -2.63347 3.54247 , 2 0.238519 106.507 -0.883592 3.06251 3.7343 , 3 0.0319762 113.189 2.54134 -2.87372 4.05358 ,

ge 0 0 0 598 0 ; 1 0.836877 106.679 -3.47367 3.43566 3.56216 , 2 0.951515 112.423 0.302112 3.31261 3.79147 , 3 0.0109467 100.557 -4.39324 2.45428 4.21809 ,

ge 0 0 0 599 0 ; 1 0.172145 106.797 2.9616 3.25514 3.5654 , 2 1.33294 112.077 2.22914 2.64227 3.74438 , 3 0.281634 112.737 -5.09517 -3.08359 4.05527 ,

ge 0 0 0 600 0 ; 1 0.23935 100.014 0.792691 -2.91499 3.33764 , 2 0.878173 107.005 -1.03741 -3.01422 3.57872 , 3 0.675671 112.402 2.03694 -2.46517 3.7867 ,

ge 0 0 0 601 0 ; 1 0.374366 100.928 -2.06122 -2.98749 3.36877 , 2 0.113892 106.596 -0.184054 -3.52146 3.56874 , 3 0.785058 112.31 1.06472 -2.92146 3.76486 ,

ge 0 0 0 602 0 ; 1 1.3033 106.794 5.1355 -3.06035 3.56785 , 2 0.471395 112.36 -0.199488 3.0233 3.89545 , 3 0.0823572 112.729 -5.74059 3.21343 3.86267 ,

ge 0 0 0 603 0 ; 1 1.75808 112.593 2.40629 -2.65455 3.7576 , 2 0.110701 106.619 -1.36307 -2.638 3.99323 , 3 0 0 0 0 0 ,

ge 0 0 0 604 0 ; 1 0.980383 100.927 4.52689 3.02997 3.37147 , 2 0.761841 112.701 -2.3779 -3.03191 3.86963 , 3 0.0596726 112.676 -1.28174 3.35927 4.08594 ,

ge 0 0 0 605 0 ; 1 0.367388 106.727 0.740863 2.95599 3.56147 , 2 1.31443 112.862 2.93398 3.51694 3.77962 , 3 0.0814191 112.694 -2.71314 -3.59885 4.08269 ,

ge 0 0 0 606 0 ; 1 0.483806 100.329 3.4647 -3.57322 3.35073 , 2 0.432814 106.403 6.21755 -3.05968 3.57382 , 3 0.300694 112.647 5.59366 -2.76472 3.78338 ,

ge 0 0 0 607 0 ; 1 1.04719 100.373 0.667962 2.69555 3.34935 , 2 0.232018 106.611 -1.88386 -2.4118 3.63143 , 3 0.10593 112.526 -4.79666 -2.77783 3.8517 ,

ge 0 0 0 608 0 ; 1 1.12974 100.318 -3.13044 -3.18076 3.34956 , 2 0.277533 106.446 -1.9832 3.04649 3.6435 , 3 0.377621 113.154 -2.05027 3.34718 3.86746 ,

ge 0 0 0 609 0 ; 1 0.129125 100.458 -1.89535 -3.36485 3.35338 , 2 0.555317 106.541 -1.98872 -2.41687 3.55877 , 3 1.0706 112.61 -4.78098 -3.06701 3.78267 ,

ge 0 0 0 610 0 ; 1 1.59524 106.488 -0.476671 -3.24747 3.55376 , 2 0.229889 106.635 1.09498 2.76038 3.76096 , 3 0.0553282 113.109 -1.51697 -2.80417 4.05873 ,

ge 0 0 0 611 0 ; 1 1.74807 106.147 -0.660684 2.40804 3.54165 , 2 0.107831 100.632 3.92083 2.43707 3.7808 , 3 0.0223759 106.714 4.3642 -3.53312 4.06547 ,

ge 0 0 0 612 0 ; 1 1.72032 113.048 5.02455 2.95897 3.7759 , 2 0.141797 106.397 -4.00488 -2.7472 4.19562 , 3 0.0211588 112.164 5.70471 -2.94306 4.57238 ,

ge 0 0 0 613 0 ; 1 0.604542 101.115 -0.197263 -2.83898 3.37418 , 2 1.12082 106.685 2.64544 -3.26232 3.58324 , 3 0.124737 101.195 4.69259 3.4415 3.88021 ,

ge 0 0 0 614 0 ; 1 1.38975 107.146 5.94728 2.9898 3.58091 , 2 0.420351 112.461 -1.61059 -3.44167 3.95642 , 3 0 0 0 0 0 ,

ge 0 0 0 615 0 ; 1 0.849718 106.271 6.47129 3.10127 3.5529 , 2 0.855134 113.162 2.11612 3.21645 3.82483 , 3 0 0 0 0 0 ,

ge 0 0 0 616 0 ; 1 1.15399 100.22 2.83946 2.50705 3.34535 , 2 0.632192 106.923 -1.25784 -3.47525 3.67475 , 3 0.0649747 101.134 2.96186 -3.55848 3.91374 ,

ge 0 0 0 617 0 ; 1 1.56055 112.505 -2.11391 -2.51957 3.75435 , 2 0.262057 113.19 -0.762194 3.05159 3.94694 , 3 0.0191696 107.18 1.11524 -3.33657 4.24612 ,

ge 0 0 0 618 0 ; 1 1.58742 112.233 5.37514 2.72864 3.74907 , 2 0.243565 113.12 -5.55015 -3.46748 4.16907 , 3 0.0228585 106.042 0.413291 3.17774 4.54914 ,

ge 0 0 0 619 0 ; 1 1.62394 106.513 -2.83221 3.17785 3.55572 , 2 0.147503 106.035 -3.04278 -3.20844 3.76945 , 3 0.0277043 100.933 -6.55653 -3.47622 3.97627 ,

ge 0 0 0 620 0 ; 1 0.922779 100.915 -1.96237 -2.57267 3.36787 , 2 0.305279 106.388 2.23109 -3.11909 3.59859 , 3 0.381344 112.246 2.4794 -2.88142 3.79435 ,

ge 0 0 0 621 0 ; 1 1.23127 101.004 -3.22405 2.83297 3.37216 , 2 0.327634 106.434 -0.209803 -3.30129 3.66334 , 3 0.242514 112.277 -0.972615 -2.76664 3.8607 ,

ge 0 0 0 622 0 ; 1 0.194067 101.065 5.56843 -3.10038 3.37787 , 2 0.853831 106.022 4.80787 -2.69772 3.54568 , 3 0.676535 112.264 5.53088 3.38798 3.83747 ,

ge 0 0 0 623 0 ; 1 1.73448 106.696 -6.21636 3.02218 3.56646 , 2 0.124636 101.039 -1.75858 -2.4706 3.86861 , 3 0.0186011 107.164 -4.67393 -3.23646 4.09633 ,

ge 0 0 0 624 0 ; 1 1.73365 112.482 -6.52262 2.69935 3.75937 , 2 0.128794 106.984 -2.05986 -2.62076 4.05481 , 3 0.021063 112.096 -5.76425 -2.64111 4.26537 ,

ge 0 0 0 625 0 ; 1 1.18763 100.515 -5.56633 2.79749 3.35925 , 2 0.22218 106.172 0.731346 3.09627 3.64181 , 3 0.0172277 112.432 1.62623 2.74346 3.85306 ,

ge 0 0 0 626 0 ; 1 1.6158 106.583 5.80475 -2.64812 3.56161 , 2 0.170028 106.42 -3.71699 2.61676 3.92458 , 3 0.0466523 100.545 -6.1494 -2.94082 4.20627 ,

ge 0 0 0 627 0 ; 1 1.00955 100.15 -4.68316 3.41277 3.34622 , 2 0.758982 107.084 -5.85954 -2.46222 3.6519 , 3 0.030124 100.812 -5.54835 -3.11422 3.86248 ,

ge 0 0 0 628 0 ; 1 1.61671 106.403 2.79477 -3.08167 3.55192 , 2 0.224028 106.013 -5.31283 2.40601 3.87874 , 3 0.274531 113.004 1.98585 -3.24463 3.81249 ,

ge 0 0 0 629 0 ; 1 0.143805 106.789 -6.64593 3.40731 3.57081 , 2 1.6005 112.194 -6.55245 2.58458 3.75318 , 3 0.122376 100.235 4.37417 3.17917 4.29387 ,

ge 0 0 0 630 0 ; 1 0.110318 107.13 -2.19575 2.72661 3.57539 , 2 1.50068 112.051 -1.5995 3.35509 3.74206 , 3 0.139875 112.837 -3.96208 -2.85834 3.96534 ,

ge 0 0 0 631 0 ; 1 1.73274 106.353 -0.66631 3.13091 3.54916 , 2 0.126051 100.838 -4.28174 -2.40676 3.83641 , 3 0.0296414 100.385 -1.87718 3.50415 4.0498 ,

ge 0 0 0 632 0 ; 1 1.75642 112.21 -1.18105 3.10389 3.74457 , 2 0 0 0 0 0 , 3 0 0 0 0 0 ,

ge 0 0 0 633 0 ; 1 0.216981 100.522 3.74619 -3.03425 3.35689 , 2 1.5246 112.425 1.23981 -2.77976 3.76274 , 3 0.0406973 106.006 -0.236534 2.57431 4.04587 ,

ge 0 0 0 634 0 ; 1 1.60433 101.068 -0.437846 3.0348 3.37282 , 2 0.217326 101.013 3.01002 -3.29131 3.61314 , 3 0 0 0 0 0 ,

ge 0 0 0 635 0 ; 1 0.766232 100.634 4.07874 -3.59943 3.36167 , 2 1.00619 112.465 3.29317 3.28719 3.81906 , 3 0.0618782 106.223 5.4991 3.30594 4.03989 ,

ge 0 0 0 636 0 ; 1 0.977134 100.393 -0.595196 2.43731 3.3498 , 2 0.679437 106.888 -1.32145 -2.87856 3.63081 , 3 0.16154 112.075 -2.46661 3.46276 3.90674 ,

ge 0 0 0 637 0 ; 1 1.59519 112.436 0.940792 -3.25955 3.75218 , 2 0.213607 112.594 -2.10761 2.91559 3.98195 , 3 0.0365058 100.539 -1.83013 -2.73448 4.42613 ,

ge 0 0 0 638 0 ; 1 1.74791 112.935 2.23593 -2.64321 3.76888 , 2 0.1071 106.415 2.93438 2.91724 4.05567 , 3 0.0311571 112.289 -5.42274 3.00038 4.39642 ,

ge 0 0 0 639 0 ; 1 0.157843 100.751 3.07425 -3.4787 3.36424 , 2 0.113943 106.419 4.12023 -2.84119 3.55768 , 3 1.352 113.186 4.88255 -3.30545 3.78535 ,

ge 0 0 0 640 0 ; 1 0.328331 100.625 1.6445 2.56172 3.35804 , 2 0.350863 106.726 3.76406 2.81512 3.57364 , 3 0.380888 113.019 3.33231 3.41764 3.78499 ,

ge 0 0 0 641 0 ; 1 1.30216 106.885 6.6226 -2.64303 3.57323 , 2 0.494649 113.09 -0.402763 2.62795 3.93193 , 3 0.0517974 112.382 2.17228 -2.87905 4.13608 ,

ge 0 0 0 642 0 ; 1 1.60895 100.451 -4.84292 2.62824 3.35573 , 2 0.177688 100.457 0.359665 -2.86351 3.60806 , 3 0.0893124 112.611 4.6465 2.92939 4.07938 ,

ge 0 0 0 643 0 ; 1 0.567602 100.728 1.70647 2.69192 3.3616 , 2 1.19206 106.114 4.44567 2.7308 3.56318 , 3 0.0398719 100.162 -4.35747 -3.11851 3.9678 ,

ge 0 0 0 644 0 ; 1 0.666271 101.18 -6.74528 3.4565 3.38445 , 2 0.837597 106.212 -4.4035 3.11855 3.56993 , 3 0.308449 106.012 3.64065 -3.05536 3.90824 ,

ge 0 0 0 645 0 ; 1 1.7707 107.042 1.77287 2.69503 3.57216 , 2 0.10652 100.402 3.02696 3.29306 3.79846 , 3 0.0156567 112.978 5.23981 3.04334 4.2245 ,

ge 0 0 0 646 0 ; 1 1.04466 100.384 -2.48178 2.64685 3.35065 , 2 0.724876 106.676 -3.13416 -3.08822 3.63546 , 3 0.0952888 106.354 -4.31154 3.10372 3.84598 ,

ge 0 0 0 647 0 ; 1 0.182847 100.478 4.65838 2.83854 3.35651 , 2 1.41558 106.183 3.73932 3.56779 3.5508 , 3 0.0232341 106.778 2.05816 -2.74849 3.76972 ,

ge 0 0 0 648 0 ; 1 1.19817 100.393 -4.29289 2.94335 3.35323 , 2 0.582743 106.542 -1.01582 -3.37805 3.66706 , 3 0 0 0 0 0 ,

ge 0 0 0 649 0 ; 1 1.31157 100.972 3.50602 3.36636 3.37198 , 2 0.192585 106.721 -2.62236 -2.72568 3.71818 , 3 0.0327587 113.101 -4.74937 -2.71983 3.9425 ,

ge 0 0 0 650 0 ; 1 0.410013 100.75 4.66647 -3.31435 3.36606 , 2 0.567377 106.234 6.84386 -2.59626 3.56435 , 3 0.698917 112.368 5.81184 -3.53098 3.77415 ,

ge 0 0 0 651 0 ; 1 1.16089 100.329 -2.96917 3.4713 3.3501 , 2 0.609909 106.185 -1.98593 -2.84014 3.63914 , 3 0.0151047 100.14 -1.40382 -3.17595 3.84202 ,

ge 0 0 0 652 0 ; 1 0.318371 100.465 -1.51467 -3.44307 3.3535 , 2 1.28164 112.791 2.24596 -3.53557 3.78336 , 3 0.15463 112.568 3.71922 2.81248 4.00087 ,

ge 0 0 0 653 0 ; 1 0.851219 100.958 -5.86125 3.35453 3.37512 , 2 0.910255 112.298 -1.74277 -2.52804 3.82286 , 3 0.0340906 106.26 2.14619 2.59999 4.11723 ,

ge 0 0 0 654 0 ; 1 1.72044 106.212 -3.67185 2.9396 3.54633 , 2 0.143762 101.045 4.28725 3.10233 3.8629 , 3 0.0258593 113.069 -4.53168 2.61668 4.36055 ,

ge 0 0 0 655 0 ; 1 0.671364 101.18 1.12481 -2.57159 3.37631 , 2 1.04208 112.319 -0.674189 3.03361 3.79656 , 3 0.114652 112.26 -2.27602 -2.69166 3.99488 ,

ge 0 0 0 656 0 ; 1 1.21208 100.19 3.27299 -3.21022 3.34547 , 2 0.573006 106.504 -1.74515 2.40338 3.67325 , 3 0.0869551 101.07 4.79558 3.42946 3.95895 ,

ge 0 0 0 657 0 ; 1 0.785858 100.634 1.3063 -2.80043 3.35836 , 2 0.984176 113.111 -6.69756 -3.02744 3.85288 , 3 0.0342255 107.064 -0.14077 3.21889 4.2161 ,

ge 0 0 0 658 0 ; 1 1.73574 113.114 6.55227 -2.77422 3.78055 , 2 0.100277 106.968 -0.851748 -3.50009 4.10245 , 3 0.0377025 106.802 0.26455 3.34718 4.33393 ,

ge 0 0 0 659 0 ; 1 1.02343 100.132 -6.70133 -2.95626 3.34898 , 2 0.504782 106.59 -1.51455 -2.40883 3.62587 , 3 0.277355 112.395 -3.45569 3.28098 3.90462 ,

ge 0 0 0 660 0 ; 1 0.370509 106.943 -0.207171 2.53473 3.56826 , 2 1.11511 112.025 -2.02619 2.54038 3.74829 , 3 0.340847 112.886 -5.93107 -2.74216 3.96929 ,

ge 0 0 0 661 0 ; 1 1.1394 100.647 5.87276 2.9549 3.36436 , 2 0.650235 112.972 -4.67841 -3.28167 3.94416 , 3 0.0228526 106.363 -3.67987 2.41312 4.23706 ,

ge 0 0 0 662 0 ; 1 1.16678 106.554 4.7994 2.58198 3.55891 , 2 0.580502 112.627 0.850342 -2.70468 3.85805 , 3 0.1168 106.104 -1.77508 -3.34144 4.09356 ,

ge 0 0 0 663 0 ; 1 1.05692 100.579 3.6308 2.47521 3.35817 , 2 0.72131 107.122 5.5177 -3.48452 3.66001 , 3 0.0158874 101.017 6.82591 -2.44602 3.87112 ,

ge 0 0 0 664 0 ; 1 0.230915 100.185 6.47864 -2.76292 3.35005 , 2 0.225825 106.076 5.32207 -2.82143 3.55033 , 3 1.25677 112.378 5.91698 -3.18829 3.76181 ,

ge 0 0 0 665 0 ; 1 1.3264 100.749 4.55478 -2.77441 3.36532 , 2 0.4419 106.045 -1.76404 2.48372 3.69151 , 3 0.0665604 100.869 -1.98123 3.10025 3.86553 ,

ge 0 0 0 666 0 ; 1 1.60942 100.113 -6.58337 3.55741 3.34873 , 2 0.139843 100.157 -3.82724 -2.4914 3.57046 , 3 0.121033 112.305 6.18152 -2.51804 4.0955 ,

ge 0 0 0 667 0 ; 1 0.869121 101.15 0.424904 3.13071 3.37563 , 2 0.808207 107.12 -3.9577 3.5921 3.62317 , 3 0.0244648 112.916 6.53905 2.82248 4.02395 ,

ge 0 0 0 668 0 ; 1 1.60461 113.066 4.76757 2.65024 3.77587 , 2 0.210194 113.134 -0.279774 -2.428 4.01471 , 3 0 0 0 0 0 ,

ge 0 0 0 669 0 ; 1 0.756252 106.916 -1.49306 -2.42642 3.56759 , 2 1.01225 112.857 2.15758 -2.71172 3.8004 , 3 0.0367187 107.178 -4.0954 3.51822 4.15052 ,

ge 0 0 0 670 0 ; 1 1.60537 112.946 2.25849 3.10476 3.76965 , 2 0.207555 112.864 2.47369 -3.36983 3.98576 , 3 0.0346989 100.954 1.84266 2.58473 4.43042 ,

ge 0 0 0 671 0 ; 1 1.73028 106.155 -1.18147 -3.23019 3.54282 , 2 0.122276 100.76 -2.10358 3.59251 3.83459 , 3 0.0228326 106.579 2.84602 3.26438 4.08965 ,

ge 0 0 0 672 0 ; 1 0.909101 100.132 -4.22338 -2.95435 3.34447 , 2 0.24263 106.603 0.397673 -2.73078 3.6098 , 3 0.533098 112.987 1.01565 -2.6101 3.82378 ,

ge 0 0 0 673 0 ; 1 1.3482 106.017 -6.97258 2.75119 3.54517 , 2 0.393738 112.059 2.74812 3.57036 3.92793 , 3 0.0405407 100.994 6.94173 2.84456 4.32339 ,

ge 0 0 0 674 0 ; 1 1.3303 101.185 -4.54282 3.15773 3.38021 , 2 0.395823 106.765 1.18053 -3.45487 3.72624 , 3 0.0618181 100.978 6.25654 -2.69703 3.98426 ,

ge 0 0 0 675 0 ; 1 0.156631 101.113 -1.88338 3.5703 3.37544 , 2 0.275837 107.046 -3.01158 3.04286 3.57768 , 3 1.28619 112.951 -2.40498 3.23499 3.77577 ,

ge 0 0 0 676 0 ; 1 0.799067 100.414 6.69349 2.66656 3.35808 , 2 0.843037 112.42 2.60157 -3.06118 3.82231 , 3 0.192611 112.709 -4.91546 2.96866 4.14389 ,

ge 0 0 0 677 0 ; 1 0.119644 106.282 -3.28741 -2.68008 3.54802 , 2 1.44875 112.523 -2.39144 -2.52384 3.75837 , 3 0.117843 112.786 -1.69197 3.12527 3.94845 ,

ge 0 0 0 678 0 ; 1 0.251166 106.222 0.817376 -3.39144 3.54509 , 2 1.51115 113.09 -0.811325 -2.7187 3.78159 , 3 0.0517716 100.288 1.45876 3.43432 4.26139 ,

ge 0 0 0 679 0 ; 1 1.77024 112.114 -1.84746 -2.92983 3.7415 , 2 0.101077 106.541 -0.36305 -2.42053 3.93461 , 3 0.0103498 112.948 -3.56282 2.62407 4.22681 ,

ge 0 0 0 680 0 ; 1 1.18009 100.987 -6.41583 -2.83889 3.37668 , 2 0.373609 106.66 -5.68114 3.5731 3.6633 , 3 0.0219684 112.556 0.0380618 2.97975 3.93801 ,

ge 0 0 0 681 0 ; 1 1.65115 113.191 1.91062 2.43927 3.77706 , 2 0.147015 112.088 3.47668 -2.92096 3.96693 , 3 0.0797313 106.495 -0.631797 -2.47604 4.1989 ,

ge 0 0 0 682 0 ; 1 0.913851 100.839 -6.75192 2.41626 3.37211 , 2 0.717686 107.005 -2.52438 2.83073 3.62186 , 3 0.135761 106.718 -0.749246 -2.50666 3.80973 ,

ge 0 0 0 683 0 ; 1 0.625325 100.747 1.28807 3.22087 3.36255 , 2 1.11358 112.646 1.06403 -2.5869 3.80427 , 3 0.067153 106.578 -4.64704 -3.59451 4.08425 ,

ge 0 0 0 684 0 ; 1 0.217377 106.268 -2.74385 3.02357 3.54749 , 2 0.291694 112.318 -4.50334 3.23994 3.75779 , 3 0.0308686 106.632 -6.03326 2.7754 4.16465 ,

ge 0 0 0 685 0 ; 1 0.110256 100.899 -3.82083 -2.9745 3.36951 , 2 1.53261 112.487 -6.139 -2.53621 3.76396 , 3 0.11765 112.467 4.82406 2.93815 4.1727 ,

ge 0 0 0 686 0 ; 1 0.351451 107.078 2.45549 -3.34511 3.57443 , 2 1.19086 112.048 1.17594 -2.54064 3.74768 , 3 0.254424 113.126 3.9186 3.02195 3.95767 ,

ge 0 0 0 687 0 ; 1 1.6044 106.893 2.81498 2.70383 3.56796 , 2 0.232506 106.894 -4.2243 -2.66985 3.86336 , 3 0 0 0 0 0 ,

ge 0 0 0 688 0 ; 1 0.310163 100.13 -0.0531596 2.59572 3.3411 , 2 0.259719 106.007 -1.92032 2.87309 3.54701 , 3 0.966744 112.635 -6.79756 2.71617 3.82153 ,

ge 0 0 0 689 0 ; 1 1.61049 106.723 2.18008 -3.4953 3.56255 , 2 0.175522 106.565 2.03887 3.29355 3.78911 , 3 0 0 0 0 0 ,

ge 0 0 0 690 0 ; 1 1.09359 106.936 -2.35153 -2.97564 3.56923 , 2 0.672019 112.88 -3.47936 2.83706 3.8491 , 3 0.0772851 112.52 -6.02268 -2.80066 4.05575 ,

ge 0 0 0 691 0 ; 1 1.11932 100.509 1.27809 2.87883 3.35425 , 2 0.422755 106.541 4.83656 -2.40294 3.64686 , 3 0.286178 112.285 1.57106 -3.17224 3.86876 ,

ge 0 0 0 692 0 ; 1 0.41129 100.371 -5.49171 3.16454 3.35469 , 2 0.656759 106.991 -3.43611 2.78925 3.58624 , 3 0.0244301 112.757 -1.58017 2.42489 3.97353 ,

ge 0 0 0 693 0 ; 1 1.02688 100.447 4.70101 -2.61418 3.35536 , 2 0.741231 106.771 2.76298 2.46774 3.63358 , 3 0.0494414 100.554 2.78583 3.23622 3.84253 ,

ge 0 0 0 694 0 ; 1 0.147163 101.046 1.8129 2.66639 3.37226 , 2 1.51596 106.385 2.80425 3.44597 3.55524 , 3 0.151152 106.032 0.573678 -3.18877 3.78902 ,

ge 0 0 0 695 0 ; 1 1.58725 106.713 1.40293 -3.57847 3.56187 , 2 0.21906 107.021 6.03102 3.15956 3.83473 , 3 0.0394075 100.332 -0.245898 3.31829 4.14075 ,

ge 0 0 0 696 0 ; 1 0.564594 106.802 -5.62585 3.02203 3.56889 , 2 0.977215 112.411 -3.26211 3.0299 3.77194 , 3 0.237077 112.386 1.76294 -3.16089 4.03791 ,

ge 0 0 0 697 0 ; 1 1.73769 112.471 0.955164 3.35782 3.75345 , 2 0.111727 106.398 -5.46478 2.47502 4.04969 , 3 0.0546935 112.109 -5.15534 -3.14257 4.31709 ,

ge 0 0 0 698 0 ; 1 1.10662 100.766 6.89286 3.37126 3.37093 , 2 0.580341 112.172 -3.70305 3.13229 3.89029 , 3 0.0794846 112.805 -2.3505 -2.74392 4.09253 ,

ge 0 0 0 699 0 ; 1 1.17911 106.202 1.93445 3.21741 3.54474 , 2 0.571658 112.423 -2.02176 -2.65731 3.85919 , 3 0.0462624 106.701 -4.85748 -2.42053 4.07238 ,

ge 0 0 0 700 0 ; 1 1.72997 112.09 -4.68383 2.66368 3.74322 , 2 0.127827 100.715 6.35884 3.22985 4.27969 , 3 0 0 0 0 0 ,

ge 0 0 0 701 0 ; 1 1.73577 106.174 -6.97954 -3.16602 3.5508 , 2 0.126622 100.286 -2.82039 2.73627 3.86158 , 3 0.0386162 106.648 -5.70189 2.51473 4.09466 ,

ge 0 0 0 702 0 ; 1 1.72943 106.764 6.40431 3.11238 3.56918 , 2 0.105999 100.157 -0.954154 -2.4889 3.94829 , 3 0.0203831 100.205 -3.26011 3.16578 4.152 ,

ge 0 0 0 703 0 ; 1 1.73849 112.301 5.24084 -2.41482 3.75091 , 2 0.130151 100.781 -6.83215 2.62175 4.33235 , 3 0.0132562 106.111 -2.43448 2.94576 4.5631 ,

ge 0 0 0 704 0 ; 1 1.62081 101.126 1.07824 2.59387 3.37451 , 2 0.165099 100.744 1.71358 -2.98504 3.56224 , 3 0.0800735 106.911 1.77378 -3.15667 3.76804 ,

ge 0 0 0 705 0 ; 1 1.74204 107.175 -2.37111 3.32045 3.57756 , 2 0.119672 100.197 1.85588 -2.43973 3.91069 , 3 0.0424925 100.225 -1.61059 3.51707 4.14059 ,

ge 0 0 0 706 0 ; 1 0.174203 100.1 -3.84952 2.78316 3.34272 , 2 1.33895 107.128 -5.6947 2.7226 3.5851 , 3 0.055126 112.723 4.81882 2.70635 3.98237 ,

ge 0 0 0 707 0 ; 1 0.278454 106.016 -0.688142 3.39421 3.53825 , 2 1.24015 112.955 -2.8126 3.31938 3.78032 , 3 0.326253 112.686 0.158714 -2.65453 3.76977 ,

ge 0 0 0 708 0 ; 1 1.72246 106.037 -1.93746 3.16499 3.53919 , 2 0.110238 100.59 3.34985 -2.98968 3.86517 , 3 0.0631347 106.454 6.80588 -2.90627 4.09224 ,

ge 0 0 0 709 0 ; 1 0.664669 100.147 -1.21354 2.58876 3.34192 , 2 1.06849 106.249 -4.72057 2.95639 3.57698 , 3 0.0479184 100.335 -6.73232 -2.45892 3.85273 ,

ge 0 0 0 710 0 ; 1 0.100879 100.171 -5.42246 -2.74349 3.3475 , 2 1.67333 112.394 -4.09301 -2.72539 3.7576 , 3 0.0708846 106.924 -4.53866 -3.31221 3.94171 ,

ge 0 0 0 711 0 ; 1 0.458381 100.269 -3.37084 -3.01801 3.348 , 2 1.13546 106.364 -1.2034 -2.46369 3.56458 , 3 0.197052 106.52 -1.83981 3.23806 3.75602 ,

ge 0 0 0 712 0 ; 1 1.58595 106.192 -3.32027 -3.08148 3.54541 , 2 0.237858 106.552 -1.08769 2.4978 3.74623 , 3 0.0654637 112.662 -4.04847 -2.98485 4.03732 ,

ge 0 0 0 713 0 ; 1 0.464853 100.764 -1.38506 -3.06144 3.363 , 2 0.764715 106.803 -3.98152 -2.90758 3.58232 , 3 0.0673515 112.558 -3.92926 2.73587 3.8512 ,

ge 0 0 0 714 0 ; 1 1.61132 106.688 1.10399 -3.49089 3.56081 , 2 0.163628 106.53 0.259361 2.63891 3.76727 , 3 0.1016 112.19 3.65097 3.54834 3.98945 ,

ge 0 0 0 715 0 ; 1 1.62912 101.083 2.23325 2.50156 3.37363 , 2 0.163492 100.134 -6.31378 -3.57603 3.72488 , 3 0.010111 106.137 -6.4742 -3.39119 3.92529 ,

ge 0 0 0 716 0 ; 1 0.694319 100.099 1.89713 3.50481 3.3416 , 2 1.08791 112.171 -0.266624 -2.52697 3.79749 , 3 0.0477958 106.635 0.0273902 2.53238 4.04785 ,

ge 0 0 0 717 0 ; 1 0.823637 100.541 6.91288 2.63534 3.36274 , 2 0.720982 112.818 -0.420612 2.6842 3.83976 , 3 0.122141 112.319 -6.38365 -3.15085 4.11855 ,

ge 0 0 0 718 0 ; 1 1.61535 107.006 3.44771 3.20711 3.57279 , 2 0.214493 106.798 1.67426 -2.47374 3.77143 , 3 0 0 0 0 0 ,

ge 0 0 0 719 0 ; 1 0.285578 100.801 -0.193489 2.77707 3.36365 , 2 1.03456 106.777 1.51355 3.49598 3.57232 , 3 0.252874 112.222 3.56412 -3.47175 3.87513 ,

ge 0 0 0 720 0 ; 1 0.140451 100.473 -2.79684 3.57423 3.35484 , 2 0.229744 107.123 -3.09011 2.49623 3.57976 , 3 1.28373 112.947 -1.95472 2.43379 3.77769 ,

ge 0 0 0 721 0 ; 1 0.767431 107.155 -5.75423 3.17817 3.58103 , 2 0.945888 112.059 -3.04445 2.63736 3.76878 , 3 0.147442 100.858 4.9009 -2.69677 4.26018 ,

ge 0 0 0 722 0 ; 1 1.5602 106.124 -3.48252 2.55069 3.54285 , 2 0.209384 106.953 -0.821872 -3.2435 3.75732 , 3 0.108256 100.872 3.16993 -2.74494 4.2364 ,

ge 0 0 0 723 0 ; 1 1.73242 112.713 3.46085 -3.13652 3.76294 , 2 0.130711 106.528 -1.7368 2.64617 4.09435 , 3 0.0397448 113.113 2.47767 2.40536 4.35528 ,

ge 0 0 0 724 0 ; 1 0.514024 100.593 -1.00429 -2.94849 3.35703 , 2 1.18602 112.496 -6.50025 -2.93433 3.79436 , 3 0.0895316 112.504 3.25593 2.83113 4.17237 ,

ge 0 0 0 725 0 ; 1 1.33199 100.467 4.59357 2.40392 3.35568 , 2 0.422767 106.876 -3.86482 -3.17302 3.75556 , 3 0.113499 112.869 -0.466279 2.51037 4.06068 ,

ge 0 0 0 726 0 ; 1 0.942223 106.543 6.5695 -2.97879 3.56204 , 2 0.580906 112.221 2.50481 -2.56423 3.79536 , 3 0.0869158 112.743 -1.06533 3.34278 4.02624 ,

ge 0 0 0 727 0 ; 1 1.58627 106.589 -2.44043 2.74209 3.55752 , 2 0.239006 106.859 -2.19349 -2.98881 3.74907 , 3 0.0378677 100.671 -6.09945 3.15275 4.06774 ,

ge 0 0 0 728 0 ; 1 1.17508 100.778 2.674 -3.04896 3.36432 , 2 0.608588 106.92 -1.37649 2.5015 3.67174 , 3 0 0 0 0 0 ,

ge 0 0 0 729 0 ; 1 0.282805 100.076 1.66025 -3.09371 3.34022 , 2 1.49259 112.851 5.7099 -3.21542 3.78729 , 3 0.0526406 107.199 2.72265 -2.42375 4.00217 ,

ge 0 0 0 730 0 ; 1 1.19648 100.772 2.25401 -2.93714 3.36367 , 2 0.159553 106.745 -2.28618 2.41938 3.67117 , 3 0.43842 112.522 -5.17353 2.92214 3.88725 ,

ge 0 0 0 731 0 ; 1 0.381356 100.316 2.86662 -2.7225 3.34878 , 2 0.41239 106.953 5.49784 -2.94301 3.58705 , 3 0.310366 112.574 4.99342 -2.87235 3.77531 ,

ge 0 0 0 732 0 ; 1 1.33197 107.185 -0.496221 -2.59289 3.57639 , 2 0.466532 112.323 6.02819 3.19589 3.91406 , 3 0.0299088 112.83 2.5879 -3.23562 4.15794 ,

ge 0 0 0 733 0 ; 1 1.76249 112.245 -2.37484 -2.83825 3.74614 , 2 0.108828 100.741 -3.02966 3.14838 4.17928 , 3 0.0413103 106.259 -5.34433 2.84706 4.37913 ,

ge 0 0 0 734 0 ; 1 0.354074 100.164 3.5655 -3.36676 3.34512 , 2 1.27016 112.417 -0.00353478 -2.56501 3.77166 , 3 0.220306 112.053 1.01563 3.03918 3.96205 ,

ge 0 0 0 735 0 ; 1 1.73029 112.465 4.04231 -3.47988 3.75564 , 2 0.124874 106.018 -4.31589 -2.79604 4.10847 , 3 0 0 0 0 0 ,

ge 0 0 0 736 0 ; 1 1.60983 106.268 -1.69359 3.42531 3.547 , 2 0.190787 106.06 5.80269 -2.45764 3.86493 , 3 0.0106515 112.366 3.80993 -2.50637 4.08554 ,

ge 0 0 0 737 0 ; 1 1.71645 106.286 -4.13192 3.17233 3.54957 , 2 0.125924 100.888 2.67665 -3.04447 3.90593 , 3 0.0329806 100.411 3.66156 3.35746 4.12258 ,

ge 0 0 0 738 0 ; 1 1.56416 100.348 -1.33524 2.57529 3.34865 , 2 0.180869 101.186 3.08321 -3.44682 3.59935 , 3 0.104887 106.046 4.34609 -2.90487 3.76782 ,

ge 0 0 0 739 0 ; 1 1.73925 106.285 -6.36309 2.81873 3.55287 , 2 0.120007 100.087 0.593549 3.54287 3.86459 , 3 0.0403869 112.894 -0.427604 -3.37358 4.3513 ,

ge 0 0 0 740 0 ; 1 1.02056 106.08 4.57013 -2.7083 3.54288 , 2 0.756192 112.905 -1.22717 -2.96273 3.84169 , 3 0.0630859 101.011 0.285493 2.79155 4.28531 ,

ge 0 0 0 741 0 ; 1 1.05539 100.143 -0.724327 2.89236 3.34189 , 2 0.312928 106.609 1.78949 -2.52339 3.63547 , 3 0.0318118 112.127 0.507352 -3.33884 3.82638 ,

ge 0 0 0 742 0 ; 1 0.368817 100.649 -0.387077 -3.25259 3.35907 , 2 0.517851 107.151 1.87858 -3.19188 3.58876 , 3 0.770968 112.372 0.776312 -2.80014 3.76722 ,

ge 0 0 0 743 0 ; 1 0.674315 101.092 -1.49497 3.32764 3.37426 , 2 1.1434 112.416 -5.22242 3.34988 4.07549 , 3 0.015063 106.768 -4.79724 2.89516 4.26503 ,

ge 0 0 0 744 0 ; 1 1.6332 100.655 -0.634176 2.62081 3.35868 , 2 0.172266 100.011 0.527133 -3.02041 3.55199 , 3 0.0112258 106.166 -1.87477 -2.62838 3.77279 ,

ge 0 0 0 745 0 ; 1 1.21104 106.593 -3.29314 -2.4411 3.55818 , 2 0.582799 112.17 3.51233 -3.5178 3.85388 , 3 0.0179664 100.306 -0.105814 -2.86654 4.26819 ,

ge 0 0 0 746 0 ; 1 0.378389 106.898 -2.65722 -2.47361 3.56778 , 2 1.28431 112.716 -4.70701 -3.56508 3.77675 , 3 0.0570372 112.984 -3.37621 2.54593 3.98556 ,

ge 0 0 0 747 0 ; 1 1.6145 106.356 3.95639 -3.58773 3.55214 , 2 0.16864 106.058 5.51363 2.63697 3.7664 , 3 0.0578905 112.544 4.43509 3.00849 3.98609 ,

ge 0 0 0 748 0 ; 1 1.14672 101.051 3.10451 -3.36745 3.37415 , 2 0.142551 107.079 -3.40704 -3.52006 3.67019 , 3 0.448624 112.797 -5.4413 -2.91857 3.87362 ,

ge 0 0 0 749 0 ; 1 1.65052 107.101 -2.95244 2.52084 3.57485 , 2 0.129854 106.023 -2.15553 -3.30727 3.77433 , 3 0.0645554 101.047 -2.38485 -3.11146 3.94063 ,

ge 0 0 0 750 0 ; 1 0.574255 100.288 1.27463 -2.90551 3.34692 , 2 0.793311 106.838 4.58018 -3.55421 3.5926 , 3 0.351692 112.321 1.4578 -3.53593 3.80307 ,

ge 0 0 0 751 0 ; 1 1.00482 100.054 6.97235 3.22312 3.34725 , 2 0.785366 112.511 -0.455618 -2.9809 3.87344 , 3 0.0903756 106.704 5.08174 -2.41208 4.14176 ,

ge 0 0 0 752 0 ; 1 1.77126 106.29 1.53625 3.37496 3.54761 , 2 0.107233 100.667 0.557633 2.41058 3.74068 , 3 0.0370936 112.327 0.156027 2.9494 4.13023 ,

ge 0 0 0 753 0 ; 1 0.809567 100.186 -0.879844 3.01985 3.3435 , 2 0.607115 106.51 3.35212 3.18274 3.59738 , 3 0.381523 112.779 2.7047 -2.58307 3.88231 ,

ge 0 0 0 754 0 ; 1 1.24566 106.43 -1.37547 -3.46442 3.55229 , 2 0.534872 113.095 5.19577 2.40071 3.92072 , 3 0.071059 113.094 3.99496 -2.82133 4.09946 ,

ge 0 0 0 755 0 ; 1 1.02523 100.558 5.67987 2.98435 3.36106 , 2 0.701795 106.472 0.821267 2.42814 3.61705 , 3 0.123785 106.45 5.20008 -2.91358 3.84745 ,

ge 0 0 0 756 0 ; 1 1.57411 106.014 3.08187 -2.7741 3.53894 , 2 0.24859 106.982 -5.52816 2.77389 3.88213 , 3 0.0286871 100.4 -2.45159 -3.22263 4.19635 ,

ge 0 0 0 757 0 ; 1 0.30418 100.695 2.81614 3.34629 3.36199 , 2 1.29662 106.826 1.11761 3.18366 3.57426 , 3 0.145251 106.803 1.13903 -3.16555 3.78605 ,

ge 0 0 0 758 0 ; 1 1.76169 112.645 -1.79117 2.98804 3.75924 , 2 0.108605 106.811 1.3373 2.82099 3.98014 , 3 0.0236863 112.966 -6.68248 -2.47419 4.36083 ,

ge 0 0 0 759 0 ; 1 1.15706 100.462 -6.12446 2.74544 3.35853 , 2 0.343542 106.688 -3.71491 -3.41334 3.6615 , 3 0.261171 112.225 -5.06233 -3.24494 3.85166 ,

ge 0 0 0 760 0 ; 1 1.19175 100.979 -2.89706 -3.42771 3.37163 , 2 0.590352 106.95 -2.14916 3.47831 3.67716 , 3 0.0728605 106.959 -5.06606 -2.52753 3.89987 ,

ge 0 0 0 761 0 ; 1 0.122766 100.755 -2.02738 3.47379 3.36349 , 2 1.45202 106.669 -1.17935 3.17538 3.56305 , 3 0.233767 106.597 0.295412 -2.88216 3.77102 ,

ge 0 0 0 762 0 ; 1 1.59328 112.048 -2.56028 -3.48109 3.7403 , 2 0.233116 112.194 -4.09641 2.51652 3.94688 , 3 0.0682736 106.392 -2.2179 -2.4348 4.2089 ,

ge 0 0 0 763 0 ; 1 1.75036 106.72 6.10422 3.48232 3.56751 , 2 0.1106 100.991 1.16303 2.61215 3.82154 , 3 0.0157186 106.394 3.53343 -2.71597 4.08674 ,

ge 0 0 0 764 0 ; 1 1.72813 106.108 3.47963 -3.57237 3.54329 , 2 0.131118 100.844 0.257068 2.89936 3.8416 , 3 0.0149239 100.83 6.37803 -2.61263 4.11636 ,

ge 0 0 0 765 0 ; 1 1.73516 106.019 4.16452 3.01833 3.54056 , 2 0.113678 100.256 -2.67186 2.91759 3.83882 , 3 0.0161901 100.022 2.29408 -3.25873 4.10328 ,

ge 0 0 0 766 0 ; 1 0.129313 106.17 -1.05857 -2.78859 3.54285 , 2 1.46742 113.129 0.162113 -2.68118 3.77854 , 3 0.100902 112.078 5.97494 2.45428 4.03963 ,

ge 0 0 0 767 0 ; 1 1.74492 106.616 6.93215 3.05881 3.56531 , 2 0.113047 100.296 5.80619 -2.89482 3.85736 , 3 0.0279766 106.618 4.0285 -3.50336 4.07735 ,

ge 0 0 0 768 0 ; 1 0.314834 101.059 6.4761 -3.31309 3.37967 , 2 0.943903 106.011 5.2458 -3.26805 3.54991 , 3 0.187464 112.108 -5.56173 3.15962 4.01604 ,

ge 0 0 0 769 0 ; 1 1.6193 107.124 -3.41765 3.00313 3.57649 , 2 0.205713 106.584 6.69973 -3.45309 3.97723 , 3 0.0173924 100.301 4.05376 3.0819 4.29224 ,

ge 0 0 0 770 0 ; 1 0.218836 106.033 -5.00835 -2.50002 3.54181 , 2 1.50255 112.165 -3.73994 -2.60585 3.7507 , 3 0.0580493 107.161 -0.707385 2.84772 4.01749 ,

ge 0 0 0 771 0 ; 1 0.542699 100.504 4.60621 3.32368 3.35779 , 2 1.19305 106.03 2.54911 2.44606 3.55666 , 3 0.0216108 100.937 5.66692 -3.51371 3.83808 ,

ge 0 0 0 772 0 ; 1 1.72835 106.229 5.14954 -2.84367 3.54885 , 2 0.121373 101.009 1.5306 3.3567 3.84494 , 3 0.0399917 112.444 -6.17564 -2.71365 4.34751 ,

ge 0 0 0 773 0 ; 1 0.413157 100.965 -4.07473 2.69593 3.37178 , 2 0.877076 106.739 -2.16988 3.34278 3.57571 , 3 0.413085 112.152 1.57626 -3.19801 3.88527 ,

ge 0 0 0 774 0 ; 1 1.55858 112.078 5.67904 2.98302 3.74463 , 2 0.209262 112.79 5.44819 -2.59486 3.93236 , 3 0.0319273 101.051 -5.08404 -2.96519 4.45856 ,

ge 0 0 0 775 0 ; 1 0.908433 100.334 -3.1932 -3.32522 3.3503 , 2 0.399716 106.921 1.53954 -2.6607 3.62176 , 3 0.374109 112.418 0.913313 -3.10287 3.8069 ,

ge 0 0 0 776 0 ; 1 0.227997 100.166 -1.93255 3.36051 3.34367 , 2 0.28155 107.072 -3.48467 2.46112 3.58168 , 3 1.19052 112.545 -6.27106 3.02956 3.78743 ,

ge 0 0 0 777 0 ; 1 1.30816 100.982 1.38001 -2.45219 3.36969 , 2 0.251155 106.647 -5.96977 2.52 3.72086 , 3 0.224592 112.434 -5.79045 3.36565 3.91606 ,

ge 0 0 0 778 0 ; 1 1.0948 100.397 2.44101 -2.9081 3.35129 , 2 0.645819 106.708 0.806396 3.03316 3.64551 , 3 0.0807387 106.308 -4.47371 -2.68689 3.90551 ,

ge 0 0 0 779 0 ; 1 1.76153 112.407 3.01997 -3.08608 3.75224 , 2 0.112611 100.3 4.18645 3.43258 4.21254 , 3 0.0254998 106.419 5.28611 -3.53936 4.52413 ,

ge 0 0 0 780 0 ; 1 0.887949 100.186 3.76033 3.33034 3.34605 , 2 0.846239 112.899 -2.53199 -2.6766 3.85989 , 3 0.106885 112.19 -2.83853 3.31299 4.06133 ,

ge 0 0 0 781 0 ; 1 1.58618 100.116 -5.28551 3.11432 3.34579 , 2 0.181292 100.872 1.82546 -2.90274 3.65753 , 3 0.0599857 112.062 6.31199 3.02791 4.10568 ,

ge 0 0 0 782 0 ; 1 0.670964 100.887 -3.7909 -2.75165 3.36887 , 2 1.01393 112.842 2.35505 -2.65262 3.81725 , 3 0.010606 113.098 -1.67332 2.62016 4.03875 ,

ge 0 0 0 783 0 ; 1 1.65634 106.508 1.00386 2.48575 3.58839 , 2 0.168174 112.123 5.19267 2.75388 3.82223 , 3 0.062511 112.612 -0.965545 -2.67628 4.09659 ,

ge 0 0 0 784 0 ; 1 0.540376 106.623 2.33121 2.41924 3.55832 , 2 1.13487 112.172 5.08209 2.66196 3.76507 , 3 0.0181607 112.915 0.204416 -3.32754 4.02392 ,

ge 0 0 0 785 0 ; 1 0.525416 101.137 2.31072 3.43485 3.37638 , 2 1.059 106.208 4.54819 2.63219 3.56319 , 3 0.126669 107.126 2.23978 -3.10537 3.77175 ,

ge 0 0 0 786 0 ; 1 0.422346 100.09 0.659921 -2.42865 3.33968 , 2 1.24133 106.427 3.17727 -2.45545 3.56716 , 3 0.0532991 106.065 0.765542 3.45847 3.78054 ,

ge 0 0 0 787 0 ; 1 0.401971 100.476 4.67075 -2.83169 3.35645 , 2 1.23573 106.101 2.84287 -3.00653 3.55384 , 3 0.0890474 106.493 5.28229 2.43934 3.75332 ,

ge 0 0 0 788 0 ; 1 0.635666 101.069 -2.41433 3.48545 3.37427 , 2 1.14688 112.474 3.16187 2.4025 3.79927 , 3 0.0884956 106.83 1.6452 3.58724 3.99817 ,

ge 0 0 0 789 0 ; 1 1.72895 112.724 1.88979 3.53209 3.76244 , 2 0.126698 107.009 -1.67599 -3.16177 4.07923 , 3 0.011151 112.428 0.331726 -3.48145 4.27231 ,

ge 0 0 0 790 0 ; 1 1.74281 106.559 -0.535856 -2.40327 3.55538 , 2 0.112467 100.778 -0.454649 3.23573 3.82477 , 3 0.024177 106.984 5.23087 2.9538 4.10567 ,

ge 0 0 0 791 0 ; 1 1.61574 112.56 -5.91035 -2.47232 3.76067 , 2 0.206046 112.314 6.97135 2.98712 4.22742 , 3 1.23007 112.301 1.85644 2.54945 3.76377 ,

ge 0 0 0 792 0 ; 1 0.12568 100.09 3.1528 -2.65919 3.34148 , 2 1.59167 112.494 1.22927 -3.07533 3.7604 , 3 0.133744 106.066 -6.11675 -3.01007 4.086 ,

ge 0 0 0 793 0 ; 1 1.22872 100.944 1.90051 -2.50048 3.36874 , 2 0.294478 106.108 -4.84246 -2.54944 3.65206 , 3 0.172906 112.51 -4.7084 -2.88071 3.86594 ,

ge 0 0 0 794 0 ; 1 1.60001 106.148 -2.33386 -3.15022 3.54314 , 2 0.205095 106.112 -5.29798 2.70763 3.76213 , 3 0.0791094 100.788 1.16982 2.71351 4.04156 ,

ge 0 0 0 795 0 ; 1 0.138798 106.073 -2.70017 3.51048 3.5414 , 2 1.09569 112.828 -4.14226 2.86932 3.77279 , 3 0.0493344 113.108 -6.82076 3.24139 4.00878 ,

ge 0 0 0 796 0 ; 1 1.72511 112.817 5.44257 3.17022 3.76904 , 2 0.132516 106.796 -0.926864 -3.07437 4.12802 , 3 0 0 0 0 0 ,

ge 0 0 0 797 0 ; 1 1.14802 100.324 1.79537 -3.44866 3.34896 , 2 0.536529 106.468 -0.356277 2.73707 3.6485 , 3 0.0977807 112.024 0.382512 -2.75367 3.91023 ,

ge 0 0 0 798 0 ; 1 1.56674 112.107 1.20873 2.46712 3.74061 , 2 0.182635 112.696 -1.57543 -2.65954 3.9362 , 3 0.103699 106.223 -3.31128 -3.54712 4.1617 ,

ge 0 0 0 799 0 ; 1 0.606209 101.088 3.8992 -2.80451 3.37575 , 2 1.16456 112.878 4.71966 2.86438 3.81296 , 3 0.0484954 107.017 6.57912 2.49898 4.01843 ,

ge 0 0 0 800 0 ; 1 0.576642 100.265 3.07133 3.5547 3.34815 , 2 1.17625 107.046 0.000399799 3.41514 3.59648 , 3 0.0895884 101.111 3.03148 -2.95563 3.904 ,

ge 0 0 0 801 0 ; 1 1.58928 112.58 -2.42309 3.37334 3.75781 , 2 0.241623 112.9 -0.0430979 -3.01372 3.98542 , 3 0.0508055 106.371 -5.00802 3.52557 4.33532 ,

ge 0 0 0 802 0 ; 1 1.60868 106.381 4.70138 -2.77972 3.55317 , 2 0.180481 106.333 2.33595 2.46655 3.74513 , 3 0.0454925 100.97 6.25538 3.31839 3.96852 ,

ge 0 0 0 803 0 ; 1 0.618828 100.09 -5.21513 3.52254 3.34523 , 2 1.12391 106.14 -2.53747 2.96633 3.5667 , 3 0.0564133 100.167 -3.46078 -3.15608 3.85367 ,

ge 0 0 0 804 0 ; 1 0.241764 101.052 -0.435888 3.38508 3.37266 , 2 0.947007 106.796 -1.5382 2.45455 3.57019 , 3 0.125456 112.376 2.30625 3.50805 3.79895 ,

ge 0 0 0 805 0 ; 1 0.766034 106.113 -1.69767 3.18801 3.54161 , 2 0.941721 112.158 2.05097 3.54088 3.77916 , 3 0.0750132 106.889 5.45799 -2.85313 4.07799 ,

ge 0 0 0 806 0 ; 1 0.146016 101.189 6.51627 3.14897 3.38392 , 2 1.40839 107.049 5.8712 2.737 3.58105 , 3 0.0269848 107.084 0.795394 -3.06854 3.83829 ,

ge 0 0 0 807 0 ; 1 1.61141 112.432 -6.24853 2.56946 3.75709 , 2 0.172002 112.328 -3.81688 -3.12059 3.96352 , 3 0.016689 100.929 -4.66961 -2.72601 4.34504 ,

ge 0 0 0 808 0 ; 1 1.751 113.068 6.40317 3.03932 3.77895 , 2 0.108339 106.036 5.55577 -2.60858 4.08114 , 3 0.0250239 112.017 1.51187 -2.72347 4.322 ,

ge 0 0 0 809 0 ; 1 1.62087 106.952 -6.2482 2.88107 3.57492 , 2 0.141792 106.696 -2.33212 -2.77593 3.80458 , 3 0.0368837 101.078 -1.48326 -3.28653 3.99487 ,

ge 0 0 0 810 0 ; 1 1.22738 100.468 0.48163 -2.96652 3.35274 , 2 0.451922 106.741 -4.4891 3.35617 3.69296 , 3 0.147507 112.655 1.79939 3.3784 3.98093 ,

ge 0 0 0 811 0 ; 1 0.579265 106.255 -3.66438 -3.22452 3.54803 , 2 0.979544 112.2 -1.04419 -2.76444 3.76529 , 3 0.259594 112.826 -0.641513 2.76552 3.95141 ,

ge 0 0 0 812 0 ; 1 0.22923 100.693 -3.62102 -3.22039 3.36265 , 2 1.44192 106.575 -2.40998 -2.82768 3.56339 , 3 0.10858 100.898 6.87433 3.12824 3.9772 ,

ge 0 0 0 813 0 ; 1 0.224992 107.155 -3.92992 3.13402 3.57825 , 2 1.318 112.207 -2.82942 3.05025 3.75073 , 3 0.0237027 112.505 0.649744 -2.56268 3.97124 ,

ge 0 0 0 814 0 ; 1 1.57769 112.066 -1.32292 -2.91787 3.73964 , 2 0.249468 112.452 -2.3108 2.57253 3.92616 , 3 0.0252076 107.193 0.425905 -2.49351 4.18626 ,

ge 0 0 0 815 0 ; 1 1.56927 112.51 2.3836 2.52577 3.75471 , 2 0.255964 112.984 4.1169 -2.82837 3.9431 , 3 0.0256581 106.567 -1.9461 2.776 4.2919 ,

ge 0 0 0 816 0 ; 1 0.981232 106.675 0.701772 -2.6359 3.55945 , 2 0.801632 112.242 -4.08843 -2.89013 3.80459 , 3 0.0186351 100.162 -2.13171 -2.97186 4.2128 ,

ge 0 0 0 817 0 ; 1 0.445163 100.622 3.92088 3.13205 3.36057 , 2 0.858802 106.493 1.84382 2.90632 3.56842 , 3 0.0851478 112.101 5.63926 2.55263 3.79461 ,

ge 0 0 0 818 0 ; 1 1.74704 112.521 -0.362999 2.54998 3.75426 , 2 0.116527 106.721 0.357018 -2.51892 4.01232 , 3 0.0259989 112.178 -0.263009 -2.76418 4.19569 ,

ge 0 0 0 819 0 ; 1 0.830663 100.191 -5.63923 3.04547 3.34886 , 2 0.777117 106.291 -1.84955 3.19777 3.58845 , 3 0.150545 107.035 -1.21874 -2.94484 3.79591 ,

ge 0 0 0 820 0 ; 1 1.59845 106.55 5.68095 3.3509 3.56094 , 2 0.202996 106.797 2.58235 -3.1816 3.80225 , 3 0.0763399 112.619 -2.19486 2.43738 4.11568 ,

ge 0 0 0 821 0 ; 1 1.5997 106.363 -1.59557 -3.45645 3.55014 , 2 0.232564 106.458 0.705455 2.61531 3.76675 , 3 0.0140403 100.906 -1.38814 -3.55072 4.0522 ,

ge 0 0 0 822 0 ; 1 0.273413 106.499 0.589272 -3.52054 3.55443 , 2 1.2729 112.729 -1.10638 -3.15858 3.77012 , 3 0.121896 112.545 -5.14185 2.71979 4.00804 ,

ge 0 0 0 823 0 ; 1 1.71096 112.194 -1.73123 2.55423 3.74381 , 2 0.149074 106.71 5.99081 -3.41484 4.11725 , 3 0.0271056 106.989 -3.33337 3.36272 4.50187 ,

ge 0 0 0 824 0 ; 1 0.18178 101.025 -2.46422 3.44593 3.3728 , 2 1.55648 106.326 -3.69449 3.09022 3.55471 , 3 0.0865584 100.375 -1.50925 -2.96078 3.84704 ,

ge 0 0 0 825 0 ; 1 0.542658 100.565 4.90416 -2.68942 3.35966 , 2 1.21327 106.024 2.65816 -2.69618 3.55656 , 3 0.0626021 100.203 6.30599 3.30518 3.86084 ,

ge 0 0 0 826 0 ; 1 0.928326 106.221 -5.17275 -2.6457 3.54846 , 2 0.864459 113.051 -0.221939 -3.46172 3.83115 , 3 0.0234432 100.946 -6.58713 -2.60994 4.28823 ,

ge 0 0 0 827 0 ; 1 1.20333 106.319 2.08 -3.44606 3.54895 , 2 0.577356 112.358 -0.353042 3.32469 3.86229 , 3 0.0880065 100.738 5.99477 3.32156 4.30397 ,

ge 0 0 0 828 0 ; 1 0.342634 100.94 -5.38472 -2.57617 3.37287 , 2 0.853727 106.72 -3.76614 -2.81862 3.57326 , 3 0.582373 112.766 3.70053 3.10429 3.94973 ,

ge 0 0 0 829 0 ; 1 1.74338 112.063 -3.27154 -2.85126 3.74082 , 2 0.11635 106.205 -2.844 2.82601 4.0133 , 3 0.0409129 106.471 -0.272052 -3.50804 4.2415 ,

ge 0 0 0 830 0 ; 1 0.220308 100.055 2.79733 3.03392 3.34031 , 2 1.42418 106.54 1.31745 3.23862 3.56231 , 3 0.156315 106.031 2.79576 -3.44304 3.79121 ,

ge 0 0 0 831 0 ; 1 0.248272 106.985 -2.27106 2.97751 3.57083 , 2 1.30747 112.758 -0.849888 3.52837 3.76998 , 3 0.154086 113.173 5.44491 -3.06677 4.07441 ,

ge 0 0 0 832 0 ; 1 1.57959 106.58 -2.35365 -2.90875 3.55732 , 2 0.251365 107.157 2.07243 3.35835 3.81396 , 3 0.0143962 100.081 -3.63489 -2.8984 4.18209 ,

ge 0 0 0 833 0 ; 1 0.321441 100.127 -6.31936 3.553 3.34861 , 2 1.2335 112.027 -3.30126 3.477 3.75815 , 3 0.280455 112.546 -1.42236 -2.63796 3.97224 ,

ge 0 0 0 834 0 ; 1 1.57863 106.566 -3.43125 2.9122 3.55782 , 2 0.245326 106.973 -4.96674 -3.47069 3.77723 , 3 0.0664472 112.246 -6.21318 3.36907 4.06829 ,

ge 0 0 0 835 0 ; 1 0.334472 107.04 -4.21662 -3.32483 3.57495 , 2 1.17258 113.072 -2.71134 -2.5667 3.78386 , 3 0.275244 113.116 3.9972 2.42883 4.06286 ,

ge 0 0 0 836 0 ; 1 1.63897 107.142 -4.33561 -3.26724 3.57846 , 2 0.165841 106.338 -3.74528 3.02379 3.79093 , 3 0 0 0 0 0 ,

ge 0 0 0 837 0 ; 1 0.793029 100.93 0.842045 2.95851 3.36824 , 2 0.988174 112.31 5.30612 -2.79705 3.81892 , 3 0.0997444 106.015 -1.55783 3.46806 4.19333 ,

ge 0 0 0 838 0 ; 1 1.76665 112.728 -1.38042 2.74749 3.76159 , 2 0.111368 100.357 -5.88235 3.05645 4.20083 , 3 0.0329061 106.256 -3.87042 3.11894 4.40873 ,

ge 0 0 0 839 0 ; 1 1.63849 107.156 6.45358 2.59445 3.58185 , 2 0.150374 106.281 -0.939481 -2.72679 3.88709 , 3 0.0420685 100.962 -4.10344 2.63852 4.16029 ,

ge 0 0 0 840 0 ; 1 0.975147 100.606 6.09705 -3.37396 3.3639 , 2 0.512083 106.991 1.26599 -3.02543 3.63122 , 3 0.329344 112.349 2.22499 2.61696 3.89274 ,

ge 0 0 0 841 0 ; 1 1.55805 112.139 -0.542909 3.42607 3.74234 , 2 0.219206 113 -3.58915 -2.73207 3.9733 , 3 0.0512229 107.02 -2.42332 -3.19738 4.17713 ,

ge 0 0 0 842 0 ; 1 0.954943 101.123 2.59778 -3.52437 3.37624 , 2 0.66607 106.904 -1.98554 -3.44725 3.62235 , 3 0.0400623 112.401 2.8031 3.37704 3.95545 ,

ge 0 0 0 843 0 ; 1 1.73809 106.781 0.476282 -2.52684 3.56287 , 2 0.124826 100.118 5.21322 2.74107 3.88729 , 3 0.0362577 106.409 0.887694 3.57619 4.14347 ,

ge 0 0 0 844 0 ; 1 1.21701 100.263 4.81086 3.52745 3.35032 , 2 0.561258 106.109 3.82807 -3.49834 3.65695 , 3 0.0159209 100.097 1.65658 -2.7022 3.87181 ,

ge 0 0 0 845 0 ; 1 0.476093 100.335 -5.87936 -2.62222 3.35369 , 2 0.774844 106.643 -3.6501 -3.21029 3.57771 , 3 0.535457 112.716 5.56872 2.87097 3.99812 ,

ge 0 0 0 846 0 ; 1 1.73913 106.686 5.04566 -2.62915 3.56373 , 2 0.129351 101.17 5.27622 3.18846 3.83127 , 3 0.0234503 112.706 2.97141 -2.43706 4.26624 ,

ge 0 0 0 847 0 ; 1 0.414024 106.584 2.08304 -3.33668 3.55768 , 2 1.25727 112.623 4.40196 -2.75402 3.77432 , 3 0.0527546 112.786 -3.49055 2.45768 4.08985 ,

ge 0 0 0 848 0 ; 1 1.5795 100.649 -0.154338 -3.50233 3.35934 , 2 0.166715 101.107 -1.76867 2.50564 3.56741 , 3 0.0139185 106.027 -4.33617 2.60309 3.75255 ,

ge 0 0 0 849 0 ; 1 1.73087 106.198 -0.49645 3.26148 3.5441 , 2 0.129981 101.038 1.96141 -2.79212 3.82182 , 3 0.0231909 100.949 0.130668 2.55172 4.01027 ,

ge 0 0 0 850 0 ; 1 1.37381 106.909 5.7146 3.04255 3.57262 , 2 0.387514 112.177 -1.20306 -3.22944 3.93025 , 3 0.0929198 106.263 -2.6077 -3.27144 4.133 ,

ge 0 0 0 851 0 ; 1 1.18154 106.579 1.37031 2.74976 3.55658 , 2 0.600479 112.29 -2.02361 -2.93399 3.8482 , 3 0 0 0 0 0 ,

ge 0 0 0 852 0 ; 1 1.20522 100.459 5.50477 -2.82822 3.35729 , 2 0.540457 106.013 1.81635 2.41214 3.64016 , 3 0.119227 106.045 -0.86692 -3.19658 3.84756 ,

ge 0 0 0 853 0 ; 1 0.639649 100.966 -3.5315 -2.68914 3.37113 , 2 0.210931 106.359 -0.863496 -3.07172 3.57223 , 3 0.698136 112.329 -0.353878 -3.47892 3.77253 ,

ge 0 0 0 854 0 ; 1 0.227288 106.428 -3.23021 -2.40092 3.55261 , 2 1.44311 112.103 -4.86274 -2.89387 3.75026 , 3 0.0524603 112.204 3.09886 2.86369 4.07802 ,

ge 0 0 0 855 0 ; 1 1.6049 100.356 -2.82744 -3.56913 3.35096 , 2 0.170873 100.198 -6.53527 2.45542 3.58699 , 3 0.0980967 106.026 -5.81907 3.14925 3.78423 ,

ge 0 0 0 856 0 ; 1 0.24795 100.573 -3.74636 -3.57804 3.3592 , 2 0.682963 106.56 -2.6768 -2.78759 3.56376 , 3 0 0 0 0 0 ,

ge 0 0 0 857 0 ; 1 0.261142 101.172 -3.31463 -3.05235 3.37808 , 2 1.34824 112.922 -0.374419 -3.33482 3.78223 , 3 0.0121559 113.121 -0.945823 2.67672 3.98376 ,

ge 0 0 0 858 0 ; 1 0.279052 100.337 4.58727 2.99172 3.35185 , 2 1.35861 106.949 2.96382 3.46726 3.57951 , 3 0.0170951 106.89 3.98294 -3.17262 3.80359 ,

ge 0 0 0 859 0 ; 1 0.705066 106.299 -3.05523 3.42295 3.54905 , 2 0.906234 112.163 0.186379 3.52901 3.77258 , 3 0.107278 112.136 1.47011 -2.59548 3.98132 ,

ge 0 0 0 860 0 ; 1 0.313292 100.781 -2.5394 3.20705 3.36446 , 2 1.13688 106.367 -4.43728 3.00844 3.56135 , 3 0.338631 112.035 2.13084 3.28906 3.8509 ,

ge 0 0 0 861 0 ; 1 1.64051 106.98 -2.59851 3.00974 3.57093 , 2 0.151915 106.107 1.21128 -2.48672 3.7959 , 3 0.0414678 101.176 -1.12719 -3.0526 3.9789 ,

ge 0 0 0 862 0 ; 1 1.60214 100.797 -6.42034 2.84388 3.37039 , 2 0.206554 101.082 -0.892034 -3.1403 3.64231 , 3 0 0 0 0 0 ,

ge 0 0 0 863 0 ; 1 0.225557 106.264 -4.77482 -3.28447 3.54985 , 2 1.50746 112.48 -6.67006 -3.17285 3.76665 , 3 0.0154411 106.383 4.71753 3.28522 4.24836 ,

