!Required final counter 1 value =       2 ; Required final counter 2 value =       3
!       #iomp    #batch  #history       #no     #name        #reg  EdepA(MeV)      xA(cm)      yA(cm)      zA(cm)      tA(ns)        #reg  EdepB(MeV)      xB(cm)      yB(cm)      zB(cm)      tB(ns)        #reg  EdepC(MeV)      xC(cm)      yC(cm)      zC(cm)      tC(ns)
!ncol   Z   N jcl kcl nclsts 
!In/Out kf-code     E(MeV)      weight 

ge          0         1     45116         2         2 ;        21  2.3222E-01  1.0106E+02  6.8415E+00  3.5412E+00  3.3711E+00 ,        22  2.5371E+00  1.0600E+02  6.7314E+00  2.8816E+00  3.5379E+00 ,        23  2.5462E+00  1.1200E+02  6.4987E+00  3.4155E+00  3.7450E+00 ,

ge          0         1     56288         2        12 ;        13  7.9551E-01  1.1231E+02  1.1089E+00 -2.4000E+00  3.8370E+00 ,        21  3.1619E-01  1.0112E+02  4.3593E+00  3.1580E+00  3.3676E+00 ,        22  2.7852E+00  1.0600E+02  4.7628E+00  2.9206E+00  3.5323E+00 ,

ge          0         1     81138         2         2 ;        11  2.1781E-01  1.0108E+02 -2.4898E-01 -2.6201E+00  3.3867E+00 ,        21  8.2301E-01  1.0115E+02  1.3459E+00  2.9051E+00  3.5792E+00 ,        23  1.6828E+00  1.1200E+02 -1.7372E+00  2.8729E+00  3.8092E+00 ,

ge          0         1     85962         2         2 ;        21  1.5583E+00  1.0050E+02  4.6613E+00  2.4884E+00  3.3556E+00 ,        22  2.1091E+00  1.0600E+02  5.1040E+00  3.4137E+00  3.5435E+00 ,        23  2.3177E+00  1.1200E+02  3.7847E+00  2.7175E+00  3.7559E+00 ,

ge          0         1     87766         2         6 ;        11  1.4570E-01  1.0112E+02 -6.1243E+00 -3.2756E+00  3.3963E+00 ,        12  2.4555E+00  1.0600E+02 -6.4701E+00 -3.2915E+00  3.5609E+00 ,        13  1.3140E+00  1.1200E+02 -4.2110E+00 -3.3749E+00  3.7966E+00 ,

ge          0         1     92158         2         2 ;        21  4.8162E-01  1.0092E+02  3.0504E+00  3.4960E+00  3.3577E+00 ,        22  3.0208E+00  1.0606E+02 -3.6343E+00  3.3649E+00  3.6390E+00 ,        23  1.8400E+00  1.1200E+02  3.9776E+00  3.0291E+00  3.7557E+00 ,

ge          0         1     97338         2        29 ;        12  1.3172E+00  1.0653E+02  2.3800E+00 -2.8205E+00  3.5553E+00 ,        13  1.6312E+00  1.1200E+02  4.5162E+00 -2.7415E+00  3.7547E+00 ,        23  1.3171E+00  1.1285E+02  6.6609E+00  2.4000E+00  3.9636E+00 ,

ge          0         1    127222         2         2 ;        21  1.2699E+00  1.0048E+02 -1.0574E+00  2.4138E+00  3.3616E+00 ,        22  2.5372E+00  1.0600E+02 -3.1476E+00  2.7451E+00  3.5605E+00 ,        23  1.3217E+00  1.1200E+02 -3.0868E+00  2.5920E+00  3.7702E+00 ,

ge          0         1    144349         2         7 ;        21  3.0084E-01  1.0102E+02  5.2916E+00  2.6433E+00  3.3600E+00 ,        22  2.2122E+00  1.0600E+02  5.1479E+00  2.8719E+00  3.5268E+00 ,        23  2.9115E+00  1.1200E+02  6.0827E+00  2.6746E+00  3.7318E+00 ,

ge          0         1    164022         2         2 ;        21  8.8196E-02  1.0115E+02 -3.9775E+00  2.8808E+00  3.3777E+00 ,        22  2.7411E+00  1.0600E+02 -4.5203E+00  2.9169E+00  3.5412E+00 ,        23  2.2729E+00  1.1200E+02 -4.3867E+00  3.1019E+00  3.7499E+00 ,

ge          0         1    166547         2         2 ;        11  1.6460E-01  1.0111E+02  4.7103E+00 -2.5840E+00  3.3920E+00 ,        12  1.9026E-01  1.0600E+02  6.1188E+00 -3.5766E+00  3.5659E+00 ,        23  3.2520E-01  1.1223E+02 -3.0048E+00  3.5384E+00  3.8874E+00 ,

ge          0         1    173671         2         2 ;        21  1.0267E-01  1.0018E+02  3.1260E-01  3.3519E+00  3.3511E+00 ,        22  7.2428E-01  1.0699E+02  2.5412E-01  3.2192E+00  3.5781E+00 ,        23  2.4593E+00  1.1200E+02  7.5177E-01  3.3410E+00  3.7488E+00 ,

ge          0         1    219158         2         2 ;        12  2.7958E-01  1.0640E+02 -4.6355E+00 -2.4000E+00  3.7074E+00 ,        21  7.6772E-01  1.0075E+02 -4.3220E+00  2.8287E+00  3.3663E+00 ,        22  3.2296E+00  1.0600E+02 -3.9803E+00  2.5976E+00  3.5433E+00 ,

ge          0         1    222906         2         2 ;        13  4.9421E-01  1.1200E+02 -2.4187E-01 -2.4733E+00  3.8343E+00 ,        21  3.6105E-01  1.0110E+02  1.6179E+00  2.6303E+00  3.3749E+00 ,        22  7.3459E-01  1.0600E+02  1.6981E+00  2.4130E+00  3.5463E+00 ,

ge          0         1    240843         2        16 ;        11  6.7387E-01  1.0081E+02  2.9313E+00 -3.2640E+00  3.3759E+00 ,        12  2.7954E+00  1.0600E+02  3.0326E+00 -3.2878E+00  3.5504E+00 ,        13  7.4255E-01  1.1200E+02  4.8535E+00 -2.4435E+00  3.7700E+00 ,

ge          0         1    273346         2         2 ;        21  3.8495E-01  1.0098E+02  4.4189E+00  2.5974E+00  3.3769E+00 ,        22  2.6747E+00  1.0600E+02  3.3876E+00  2.5333E+00  3.5487E+00 ,        23  8.0646E-02  1.1221E+02  4.2124E+00  3.0363E+00  3.7587E+00 ,

ge          0         1    365550         2         2 ;        13  1.9418E+00  1.1200E+02  5.8431E+00 -2.8364E+00  3.9638E+00 ,        21  1.0370E+00  1.0059E+02 -3.7400E+00  2.8496E+00  3.3611E+00 ,        22  1.7358E+00  1.0600E+02 -2.9689E+00  2.5733E+00  3.5452E+00 ,

ge          0         1    379267         2        37 ;        12  2.0511E+00  1.0629E+02 -2.2082E+00 -2.5625E+00  3.5676E+00 ,        13  1.7407E+00  1.1200E+02 -4.7526E+00 -2.6178E+00  3.7792E+00 ,        23  1.0215E-01  1.1212E+02 -8.2263E-01  2.4000E+00  4.0849E+00 ,

ge          0         1    398478         2        34 ;        11  1.8035E+00  1.0030E+02 -5.3121E+00 -2.5928E+00  3.3682E+00 ,        12  2.3860E+00  1.0600E+02 -4.7626E+00 -3.4896E+00  3.5629E+00 ,        13  2.0221E+00  1.1200E+02 -5.2225E+00 -3.4947E+00  3.7703E+00 ,

ge          0         1    530201         2         2 ;        12  9.2559E-01  1.0675E+02 -1.1886E+00 -2.4000E+00  3.6908E+00 ,        13  7.9705E-01  1.1200E+02  3.3305E+00 -2.9685E+00  3.9355E+00 ,        21  1.7953E+00  1.0024E+02 -5.6647E+00  3.5119E+00  3.3493E+00 ,        22  4.6405E-01  1.0707E+02  4.8765E+00  2.4000E+00  4.2339E+00 ,

ge          0         1    539240         2        28 ;        11  1.4608E+00  1.0053E+02 -5.9854E+00 -3.3527E+00  3.3775E+00 ,        12  1.9835E+00  1.0600E+02 -6.4871E+00 -2.8754E+00  3.5628E+00 ,        23  1.8495E+00  1.1230E+02 -4.5314E+00  2.4000E+00  3.8565E+00 ,

ge          0         1    541234         2         2 ;        11  1.6181E-01  1.0032E+02 -5.0728E+00 -2.7208E+00  3.8943E+00 ,        13  3.2904E+00  1.1229E+02 -3.1452E+00 -2.4000E+00  3.9311E+00 ,        23  1.1977E+00  1.1200E+02 -2.6945E+00  2.5568E+00  3.7512E+00 ,

ge          0         1    558431         2         2 ;        13  1.3471E+00  1.1285E+02 -2.1927E+00 -2.4000E+00  3.8610E+00 ,        21  1.3223E+00  1.0044E+02 -4.4992E+00  2.5969E+00  3.3554E+00 ,        22  1.1021E+00  1.0600E+02 -1.6975E+00  2.4804E+00  3.5680E+00 ,

ge          0         1    567118         2         2 ;        13  1.5751E+00  1.1200E+02 -1.6375E+00 -2.6284E+00  3.8239E+00 ,        21  1.5141E+00  1.0035E+02 -2.0266E+00  2.5570E+00  3.3475E+00 ,        22  1.6715E+00  1.0600E+02 -1.2036E+00  2.5176E+00  3.5414E+00 ,

ge          0         1    580575         2         8 ;        21  3.0374E-01  1.0102E+02 -6.1749E-01  3.4483E+00  3.3784E+00 ,        22  2.2062E+00  1.0600E+02 -1.6978E+00  3.0261E+00  3.5495E+00 ,        23  1.0167E+00  1.1200E+02 -3.5301E+00  3.4549E+00  3.7625E+00 ,

ge          0         1    637479         2         2 ;        11  9.2750E-02  1.0115E+02 -3.7570E+00 -2.4635E+00  3.3989E+00 ,        12  3.1981E+00  1.0600E+02 -5.6763E+00 -2.4843E+00  3.5739E+00 ,        13  1.2215E+00  1.1200E+02 -6.6545E+00 -3.0092E+00  3.7980E+00 ,

ge          0         1    658168         2         2 ;        11  7.8134E-01  1.0075E+02 -1.8463E+00 -2.9522E+00  3.3808E+00 ,        12  3.9697E+00  1.0600E+02 -3.5965E+00 -3.1048E+00  3.5665E+00 ,        13  9.9869E-02  1.1200E+02 -5.1211E+00 -3.5891E+00  3.8210E+00 ,

ge          0         1    662391         2        15 ;        21  6.4829E-01  1.0083E+02  1.9082E+00  3.2970E+00  3.3701E+00 ,        22  2.8809E+00  1.0600E+02  1.0538E+00  3.1424E+00  3.5466E+00 ,        23  1.1982E+00  1.1200E+02 -3.7480E+00  3.4247E+00  3.8172E+00 ,

ge          0         1    667904         2         2 ;        12  1.0048E+00  1.0720E+02  2.7850E-01 -2.5494E+00  4.0339E+00 ,        13  1.3836E+00  1.1200E+02  2.2576E+00 -3.0198E+00  3.8209E+00 ,        21  2.4757E+00  1.0033E+02 -2.8937E+00  2.9611E+00  3.3398E+00 ,

ge          0         1    698858         2         2 ;        13  1.8173E-01  1.1200E+02  2.9163E+00 -3.5507E+00  3.8068E+00 ,        21  3.1753E-01  1.0112E+02  2.3326E+00  2.4765E+00  3.3737E+00 ,        22  8.0887E-01  1.0600E+02  5.7102E+00  2.5876E+00  3.5735E+00 ,

ge          0         1    746502         2         2 ;        21  4.7142E-01  1.0092E+02  3.5059E+00  2.7295E+00  3.3622E+00 ,        22  2.5239E+00  1.0600E+02  3.5909E+00  2.9358E+00  3.5332E+00 ,        23  1.3153E+00  1.1200E+02  4.9562E+00  3.1996E+00  3.7553E+00 ,

ge          0         1    751856         2         2 ;        21  1.3470E-01  1.0112E+02  1.2800E+00  3.3818E+00  3.3727E+00 ,        22  2.3903E+00  1.0600E+02  1.3054E+00  2.8560E+00  3.5370E+00 ,        23  2.4026E-01  1.1200E+02 -7.3294E-01  3.5723E+00  3.7532E+00 ,

ge          0         1    826966         2        23 ;        13  9.4542E-01  1.1267E+02  4.4224E-01 -2.4000E+00  3.8650E+00 ,        21  1.1150E+00  1.0056E+02 -1.2675E+00  2.7718E+00  3.3593E+00 ,        22  2.4141E+00  1.0600E+02 -2.8407E+00  2.4777E+00  3.5497E+00 ,

ge          0         1    832972         2         2 ;        12  1.5985E+00  1.0693E+02 -7.9394E-01 -2.7383E+00  3.5738E+00 ,        13  1.5479E+00  1.1200E+02  5.8451E-01 -2.9205E+00  3.7539E+00 ,        23  1.6755E-01  1.1260E+02  3.1072E+00  2.4000E+00  4.0495E+00 ,

ge          0         1    838917         2         2 ;        11  1.3199E+00  1.0055E+02 -5.7318E+00 -3.1311E+00  3.3610E+00 ,        12  2.2131E+00  1.0600E+02 -5.7867E+00 -2.5892E+00  3.5451E+00 ,        21  1.3363E-01  1.0092E+02 -2.3640E+00  2.4000E+00  4.0255E+00 ,

ge          0         1    906504         2         2 ;        13  1.3759E+00  1.1272E+02  3.0819E+00 -2.4000E+00  3.9331E+00 ,        22  1.1204E+00  1.0690E+02  7.1554E-01  3.2719E+00  3.5608E+00 ,        23  8.1192E-01  1.1200E+02  1.0237E+00  2.6557E+00  3.7360E+00 ,

ge          0         1    920311         2       134 ;        11  2.2674E+00  1.0000E+02 -2.8885E+00 -2.8764E+00  3.3616E+00 ,        12  2.5554E+00  1.0600E+02 -2.1853E+00 -3.0853E+00  3.5680E+00 ,        13  4.7957E-01  1.1200E+02 -2.0108E+00 -3.2593E+00  3.8039E+00 ,

ge          0         1    921530         2         2 ;        11  1.7613E+00  1.0020E+02  1.2931E-01 -3.2779E+00  3.3628E+00 ,        12  2.1866E+00  1.0600E+02  3.8534E-01 -2.7379E+00  3.5609E+00 ,        13  1.9805E+00  1.1200E+02  2.3318E+00 -3.0293E+00  3.7805E+00 ,

ge          0         1    937875         2        41 ;        12  4.1714E-01  1.0632E+02 -3.8250E-01 -2.4000E+00  3.7670E+00 ,        22  1.1570E+00  1.0658E+02  5.2106E-01  2.4000E+00  3.5624E+00 ,        23  2.5328E+00  1.1200E+02  3.8554E+00  3.4813E+00  3.7830E+00 ,

ge          0         2      4133         2         2 ;        21  1.7307E+00  1.0076E+02 -6.2373E+00  2.8423E+00  3.3640E+00 ,        22  2.3326E+00  1.0600E+02 -5.7029E+00  2.9864E+00  3.5417E+00 ,        23  9.2273E-01  1.1200E+02 -6.9451E+00  2.5939E+00  3.7675E+00 ,

ge          0         2      8606         2        28 ;        21  1.2930E+00  1.0046E+02  3.5073E+00  3.3078E+00  3.3479E+00 ,        22  2.5315E+00  1.0600E+02  2.5386E+00  2.6513E+00  3.5385E+00 ,        23  8.1700E-01  1.1200E+02  5.0556E+00  3.2619E+00  3.7804E+00 ,

ge          0         2     27799         2         2 ;        11  1.8831E-01  1.0025E+02  1.6619E+00 -3.2871E+00  3.5667E+00 ,        21  9.6372E-01  1.0063E+02 -2.0274E-01  2.5824E+00  3.3609E+00 ,        22  3.3936E+00  1.0600E+02 -1.0820E+00  2.9855E+00  3.5441E+00 ,

ge          0         2     46303         2         2 ;        13  1.1602E+00  1.1270E+02 -4.2376E+00 -2.4000E+00  3.8527E+00 ,        21  8.8722E-01  1.0069E+02  6.6957E-02  2.8896E+00  3.3554E+00 ,        23  2.8040E+00  1.1200E+02 -4.0791E+00  2.8342E+00  3.7641E+00 ,

ge          0         2     47831         2         2 ;        21  7.2653E-01  1.0077E+02 -5.3139E+00  2.6133E+00  3.3724E+00 ,        22  2.2142E+00  1.0600E+02 -4.9928E+00  2.6068E+00  3.5485E+00 ,        23  1.6058E+00  1.1200E+02 -1.6500E+00  2.5251E+00  3.7882E+00 ,

ge          0         2     63969         2        12 ;        11  5.1448E-01  1.0090E+02  7.6741E-01 -2.8118E+00  3.3660E+00 ,        12  2.2825E+00  1.0600E+02  1.4359E+00 -3.4968E+00  3.5401E+00 ,        13  1.4527E-01  1.1200E+02  6.2178E-01 -3.5744E+00  3.7473E+00 ,

ge          0         2     64303         2        22 ;        21  1.3507E+00  1.0086E+02  2.8720E+00  2.5824E+00  3.3823E+00 ,        22  2.0897E+00  1.0600E+02  3.5138E+00  3.4022E+00  3.5474E+00 ,        23  1.8108E+00  1.1200E+02  4.6773E+00  3.5745E+00  3.7563E+00 ,

ge          0         2     77112         2        37 ;        13  4.5733E-01  1.1200E+02 -5.9600E+00 -3.1527E+00  3.9864E+00 ,        21  1.8457E-01  1.0113E+02  2.3798E+00  2.7368E+00  3.3876E+00 ,        22  4.5932E+00  1.0607E+02  1.5373E+00  2.9405E+00  3.5551E+00 ,

ge          0         2    101209         2         2 ;        11  9.2746E-01  1.0072E+02 -2.3859E+00 -3.0639E+00  3.3907E+00 ,        12  1.2599E+00  1.0600E+02 -3.1490E+00 -3.1010E+00  3.5771E+00 ,        23  3.4473E-01  1.1302E+02 -3.7137E+00  2.4000E+00  3.8470E+00 ,

ge          0         2    117049         2         2 ;        11  9.8163E-01  1.0075E+02 -9.5875E-01 -2.9598E+00  3.3781E+00 ,        13  2.4758E-01  1.1215E+02  3.4142E+00 -3.3638E+00  3.7857E+00 ,        23  1.6088E+00  1.1200E+02  2.0874E+00  3.1480E+00  3.8340E+00 ,

ge          0         2    124855         2        12 ;        11  5.1185E-01  1.0090E+02  3.0449E+00 -2.8905E+00  3.3787E+00 ,        12  1.2264E+00  1.0600E+02  3.8310E+00 -2.5217E+00  3.5520E+00 ,        23  2.8159E+00  1.1200E+02  4.9028E+00  2.4112E+00  3.8167E+00 ,

ge          0         2    132936         2         8 ;        11  3.0190E-01  1.0102E+02 -6.7457E+00 -2.8229E+00  3.3836E+00 ,        12  2.4961E+00  1.0600E+02 -6.5029E+00 -3.5323E+00  3.5523E+00 ,        23  8.4722E-01  1.1285E+02 -3.4164E+00  2.4000E+00  3.8880E+00 ,

ge          0         2    142534         2        27 ;        13  1.1424E+00  1.1245E+02 -4.5367E+00 -2.4000E+00  3.8673E+00 ,        21  1.2771E+00  1.0055E+02 -3.5103E+00  2.4178E+00  3.3792E+00 ,        22  1.9914E+00  1.0600E+02 -2.6282E+00  2.6291E+00  3.5665E+00 ,

ge          0         2    157580         2         8 ;        21  2.7087E-01  1.0104E+02  2.5868E+00  2.4183E+00  3.3666E+00 ,        22  2.3640E+00  1.0600E+02  1.9429E+00  2.9581E+00  3.5356E+00 ,        23  2.2321E+00  1.1200E+02  1.1462E+00  3.3236E+00  3.7425E+00 ,

ge          0         2    161804         2        10 ;        13  4.0876E-01  1.1200E+02 -4.0338E-01 -3.4182E+00  3.8425E+00 ,        21  3.5096E-01  1.0099E+02  4.3079E-01  3.5409E+00  3.3701E+00 ,        22  1.5045E+00  1.0600E+02  1.0943E+00  2.7929E+00  3.5416E+00 ,

ge          0         2    174648         2         2 ;        21  8.7109E-02  1.0115E+02  1.2960E+00  2.9752E+00  3.3812E+00 ,        22  2.5437E+00  1.0600E+02  1.5768E+00  3.2848E+00  3.5444E+00 ,        23  2.2317E+00  1.1200E+02  3.5469E+00  3.0871E+00  3.7596E+00 ,

ge          0         2    229629         2         2 ;        12  1.2828E-01  1.0671E+02  1.4156E+00 -2.4000E+00  3.8581E+00 ,        21  1.9898E+00  1.0079E+02  3.8610E+00  3.0191E+00  3.3686E+00 ,        22  3.1836E+00  1.0600E+02  1.7584E+00  2.7486E+00  3.5581E+00 ,

ge          0         2    229633         2        31 ;        12  8.6779E-01  1.0648E+02  1.6143E+00 -2.6240E+00  3.5714E+00 ,        13  5.0693E-01  1.1200E+02  3.6751E+00 -2.5710E+00  3.8014E+00 ,        22  1.0446E-01  1.0718E+02  3.0564E+00  2.4000E+00  3.8110E+00 ,

ge          0         2    266900         2         2 ;        21  1.4712E-01  1.0111E+02  2.3160E-01  3.5588E+00  3.3791E+00 ,        22  2.1840E+00  1.0600E+02  3.6375E-01  3.4587E+00  3.5430E+00 ,        23  1.1852E+00  1.1200E+02 -2.3742E+00  2.7936E+00  3.7678E+00 ,

ge          0         2    275689         2         2 ;        13  1.9003E+00  1.1200E+02 -3.0692E+00 -3.0074E+00  3.8653E+00 ,        21  7.2465E-01  1.0099E+02  3.1428E+00  3.5850E+00  3.3771E+00 ,        22  1.1234E+00  1.0600E+02  3.1679E+00  2.5911E+00  3.5490E+00 ,

ge          0         2    278215         2         8 ;        21  3.2763E-01  1.0101E+02 -3.6646E+00  2.6554E+00  3.3629E+00 ,        22  3.4578E+00  1.0600E+02 -4.7508E+00  3.2578E+00  3.5353E+00 ,        23  9.9752E-01  1.1200E+02  1.4666E-01  3.4704E+00  3.8251E+00 ,

ge          0         2    285646         2         2 ;        12  2.5218E+00  1.0635E+02 -5.6158E-01 -2.5202E+00  3.5664E+00 ,        13  1.7392E+00  1.1200E+02 -4.0073E+00 -2.7845E+00  3.7964E+00 ,        22  3.0248E-01  1.0629E+02  3.9670E-01  2.4000E+00  3.7965E+00 ,

ge          0         2    294093         2        13 ;        12  6.1450E-02  1.0693E+02 -2.5105E+00 -3.0725E+00  3.7893E+00 ,        21  4.2085E-01  1.0095E+02 -5.8702E+00  3.0644E+00  3.3768E+00 ,        22  4.3881E+00  1.0600E+02 -4.5326E+00  3.1431E+00  3.5531E+00 ,

ge          0         2    298242         2        14 ;        11  6.3059E-01  1.0083E+02 -3.8252E+00 -2.6342E+00  3.3751E+00 ,        12  2.9026E+00  1.0600E+02 -2.8879E+00 -2.7536E+00  3.5512E+00 ,        13  1.9211E+00  1.1200E+02 -6.1422E-01 -2.7161E+00  3.7747E+00 ,

ge          0         2    309970         2        39 ;        12  6.1737E-01  1.0644E+02  2.6031E+00 -2.4000E+00  3.7505E+00 ,        21  1.3899E+00  1.0049E+02  9.2586E-02  3.0728E+00  3.3561E+00 ,        22  1.0440E+00  1.0600E+02  9.7068E-01  2.5443E+00  3.5508E+00 ,

ge          0         2    312698         2        29 ;        11  1.6825E+00  1.0062E+02 -4.3015E+00 -3.1639E+00  3.3740E+00 ,        12  2.3106E+00  1.0600E+02 -4.7555E+00 -2.9407E+00  3.5601E+00 ,        13  9.4194E-01  1.1200E+02 -2.7632E+00 -3.4130E+00  3.7975E+00 ,

ge          0         2    313181         2        17 ;        11  7.7412E-01  1.0075E+02 -6.3525E-01 -2.4637E+00  3.3593E+00 ,        12  2.3843E+00  1.0600E+02 -1.0082E+00 -2.7962E+00  3.5360E+00 ,        13  2.9242E+00  1.1200E+02  5.3881E+00 -2.4909E+00  3.8394E+00 ,

ge          0         2    349919         2         2 ;        11  3.8959E-01  1.0097E+02  1.6221E+00 -2.9171E+00  3.3719E+00 ,        12  2.1411E+00  1.0600E+02  1.2848E+00 -3.1828E+00  3.5413E+00 ,        13  1.1341E-01  1.1200E+02  3.3845E+00 -2.4232E+00  3.7665E+00 ,

ge          0         2    367342         2         2 ;        13  2.1736E+00  1.1200E+02 -2.6250E+00 -2.8573E+00  3.8272E+00 ,        21  1.1507E+00  1.0061E+02 -3.1974E-01  2.7329E+00  3.3574E+00 ,        22  6.5470E-01  1.0600E+02 -2.0572E-01  2.4974E+00  3.5403E+00 ,

ge          0         2    383407         2         2 ;        13  4.8523E-01  1.1212E+02 -4.0099E-01 -2.4000E+00  3.8862E+00 ,        22  1.6733E+00  1.0657E+02 -4.1337E+00  2.4709E+00  3.5589E+00 ,        23  3.3619E+00  1.1200E+02 -5.0873E+00  3.5270E+00  3.7483E+00 ,

ge          0         2    388421         2         2 ;        11  2.7306E-01  1.0104E+02  2.3705E+00 -2.9920E+00  3.3800E+00 ,        12  2.8857E+00  1.0600E+02  3.5130E+00 -2.9342E+00  3.5503E+00 ,        23  2.6919E+00  1.1247E+02 -1.4469E+00  2.4000E+00  3.9064E+00 ,

ge          0         2    422621         2         2 ;        12  1.7422E+00  1.0638E+02 -6.5865E+00 -2.4000E+00  3.6449E+00 ,        13  7.8917E-01  1.1200E+02 -6.6947E+00 -2.6327E+00  3.8502E+00 ,        21  1.9683E+00  1.0003E+02 -3.4323E+00  2.6114E+00  3.3452E+00 ,

ge          0         2    435656         2         2 ;        11  8.4030E-01  1.0070E+02  3.6350E+00 -3.5042E+00  3.3691E+00 ,        12  2.1904E+00  1.0600E+02  3.9777E+00 -3.1520E+00  3.5480E+00 ,        13  1.5238E+00  1.1200E+02  5.5194E+00 -2.9729E+00  3.7657E+00 ,

ge          0         2    452616         2         2 ;        11  1.2210E+00  1.0067E+02  2.2770E+00 -3.3036E+00  3.3562E+00 ,        12  4.0589E+00  1.0600E+02  1.7679E-02 -3.4272E+00  3.5507E+00 ,        22  8.9824E-01  1.0603E+02 -3.4553E+00  2.4000E+00  3.7070E+00 ,

ge          0         2    457217         2         2 ;        11  4.2590E-01  1.0095E+02 -4.6866E+00 -2.4561E+00  3.3939E+00 ,        12  2.0782E+00  1.0600E+02 -3.9431E+00 -2.5704E+00  3.5652E+00 ,        13  2.2098E+00  1.1200E+02 -3.5036E+00 -2.6170E+00  3.7697E+00 ,

ge          0         2    467624         2         2 ;        21  1.1729E+00  1.0051E+02 -7.7031E-01  2.7338E+00  3.3518E+00 ,        22  2.5159E+00  1.0600E+02 -4.6547E-01  2.9658E+00  3.5366E+00 ,        23  1.4109E+00  1.1200E+02  5.2665E+00  2.6115E+00  3.8262E+00 ,

ge          0         2    475606         2         2 ;        11  1.6238E-01  1.0110E+02  3.7329E+00 -2.6043E+00  3.3742E+00 ,        12  2.4250E+00  1.0600E+02  3.9715E+00 -2.8329E+00  3.5386E+00 ,        13  2.6162E+00  1.1200E+02  5.8934E+00 -2.8243E+00  3.7544E+00 ,

ge          0         2    486590         2        42 ;        11  2.2492E+00  1.0014E+02  2.6243E+00 -3.1625E+00  3.3603E+00 ,        12  3.4303E+00  1.0600E+02 -1.9418E+00 -3.1590E+00  3.6144E+00 ,        23  6.0379E-01  1.1200E+02 -5.0171E+00  2.7718E+00  3.9456E+00 ,

ge          0         2    487139         2        26 ;        12  1.6388E+00  1.0678E+02  3.4792E+00 -2.4000E+00  3.6542E+00 ,        13  1.3841E+00  1.1200E+02  1.4736E+00 -2.7408E+00  3.8519E+00 ,        21  1.5640E+00  1.0030E+02 -1.0519E+00  2.6591E+00  3.3368E+00 ,

ge          0         2    494653         2        22 ;        21  9.9703E-01  1.0066E+02  4.3539E+00  2.8727E+00  3.3568E+00 ,        22  2.0781E+00  1.0600E+02  6.4793E+00  3.2076E+00  3.5507E+00 ,        23  2.8538E+00  1.1200E+02  5.2142E+00  2.7327E+00  3.7596E+00 ,

ge          0         2    501331         2        21 ;        11  8.9573E-01  1.0068E+02  1.6152E+00 -3.3064E+00  3.3567E+00 ,        12  2.5884E+00  1.0600E+02  1.5916E+00 -3.3922E+00  3.5364E+00 ,        23  2.3998E-01  1.1200E+02  3.4485E+00  2.7806E+00  3.8829E+00 ,

ge          0         2    505329         2         2 ;        13  4.9579E-01  1.1226E+02  5.0794E+00 -2.4000E+00  3.8229E+00 ,        21  1.7790E+00  1.0036E+02  1.9862E+00  2.5995E+00  3.3606E+00 ,        22  2.2668E-01  1.0621E+02 -3.9204E+00  2.4000E+00  4.3804E+00 ,

ge          0         2    539016         2         2 ;        11  1.3499E+00  1.0041E+02  2.2201E+00 -2.8782E+00  3.3556E+00 ,        12  2.5011E+00  1.0600E+02  2.1142E+00 -2.6890E+00  3.5436E+00 ,        13  1.7328E+00  1.1200E+02  3.6380E+00 -3.3505E+00  3.7586E+00 ,

ge          0         2    545481         2         2 ;        11  1.1524E+00  1.0052E+02  1.4558E+00 -2.8871E+00  3.3609E+00 ,        12  2.1929E+00  1.0600E+02  8.2311E-01 -2.5645E+00  3.5462E+00 ,        13  1.9404E+00  1.1200E+02  2.9867E+00 -3.0631E+00  3.7687E+00 ,

ge          0         2    551839         2        35 ;        11  1.8040E+00  1.0025E+02 -1.0164E+00 -3.5046E+00  3.3538E+00 ,        12  1.1880E+00  1.0600E+02 -2.1333E+00 -2.7156E+00  3.5531E+00 ,        23  1.1733E+00  1.1200E+02 -5.2792E+00  3.0201E+00  3.8552E+00 ,

ge          0         2    580633         2         2 ;        13  2.5929E+00  1.1222E+02 -3.3174E+00 -2.4000E+00  3.7833E+00 ,        21  9.3174E-01  1.0068E+02 -3.5077E+00  2.5516E+00  3.3607E+00 ,        23  3.5668E-01  1.1266E+02 -1.1744E+00  2.4000E+00  4.0074E+00 ,

ge          0         2    637098         2        37 ;        11  1.9240E+00  1.0025E+02 -3.8364E-01 -3.4573E+00  3.3530E+00 ,        12  2.1495E+00  1.0600E+02 -6.3677E-01 -3.0315E+00  3.5481E+00 ,        13  1.5810E+00  1.1200E+02  2.8939E-01 -3.1644E+00  3.7574E+00 ,

ge          0         2    663005         2         4 ;        11  7.5771E-02  1.0116E+02  5.5806E+00 -2.7207E+00  3.3718E+00 ,        12  2.6901E+00  1.0600E+02  5.1808E+00 -3.0548E+00  3.5352E+00 ,        13  1.6558E+00  1.1200E+02 -5.8584E-02 -3.2008E+00  3.8119E+00 ,

ge          0         2    683267         2        28 ;        11  1.4594E+00  1.0053E+02  4.8215E+00 -2.7522E+00  3.3606E+00 ,        12  1.3245E+00  1.0600E+02  6.3763E+00 -3.3515E+00  3.5536E+00 ,        23  1.8194E-01  1.1200E+02  3.2624E+00  2.4666E+00  3.9876E+00 ,

ge          0         2    702815         2         6 ;        13  6.5107E-01  1.1286E+02  4.1572E+00 -2.4000E+00  3.8345E+00 ,        21  1.5495E-01  1.0111E+02  5.8251E+00  2.8540E+00  3.3760E+00 ,        22  1.1879E+00  1.0600E+02  4.7138E+00  2.5097E+00  3.5451E+00 ,

ge          0         2    708878         2        24 ;        11  1.3911E+00  1.0058E+02  3.4019E-01 -2.7789E+00  3.3503E+00 ,        22  9.3236E-02  1.0715E+02  5.4556E+00  3.6000E+00  4.0402E+00 ,        23  3.1502E+00  1.1200E+02  3.7825E+00  2.6568E+00  3.7920E+00 ,

ge          0         2    738773         2         2 ;        11  7.0086E-01  1.0079E+02  3.7418E+00 -2.5926E+00  3.3839E+00 ,        12  2.0942E+00  1.0600E+02  3.8865E+00 -2.5824E+00  3.5587E+00 ,        13  8.1338E-01  1.1200E+02  3.9376E+00 -2.5966E+00  3.7629E+00 ,

ge          0         2    748817         2         2 ;        13  2.1218E+00  1.1200E+02  5.0658E+00 -3.1911E+00  3.8598E+00 ,        21  4.1546E-01  1.0096E+02  1.7170E+00  3.2955E+00  3.3675E+00 ,        22  3.6231E+00  1.0600E+02  2.6031E+00  3.3154E+00  3.5389E+00 ,

ge          0         2    798517         2         2 ;        21  4.3124E-01  1.0095E+02 -5.6442E+00  3.2749E+00  3.3661E+00 ,        22  2.6237E+00  1.0600E+02 -5.7608E+00  3.4725E+00  3.5355E+00 ,        23  2.6216E+00  1.1200E+02 -6.1450E+00  2.9344E+00  3.7423E+00 ,

ge          0         2    833910         2         4 ;        13  4.5432E-01  1.1296E+02  4.6178E+00 -2.4000E+00  3.8927E+00 ,        21  1.2707E-01  1.0113E+02  6.2100E+00  3.3930E+00  3.3781E+00 ,        22  3.9245E+00  1.0600E+02  6.3516E+00  2.7956E+00  3.5427E+00 ,

ge          0         2    857830         2         2 ;        11  1.2111E+00  1.0059E+02 -3.5183E+00 -3.2725E+00  3.3692E+00 ,        12  2.6085E+00  1.0600E+02 -2.9638E+00 -3.1938E+00  3.5518E+00 ,        13  1.8244E+00  1.1200E+02 -8.2657E-01 -2.5548E+00  3.7740E+00 ,

ge          0         2    925117         2         2 ;        11  2.0420E-01  1.0037E+02 -1.3492E+00 -2.8701E+00  3.6293E+00 ,        12  7.4994E-02  1.0648E+02 -2.2684E+00 -3.3022E+00  3.8357E+00 ,        21  7.7480E-01  1.0075E+02 -6.5370E+00  2.8803E+00  3.3706E+00 ,

ge          0         2    949714         2        29 ;        11  1.2984E+00  1.0044E+02  5.8667E+00 -2.9154E+00  3.3472E+00 ,        12  2.0946E+00  1.0600E+02  6.0727E+00 -2.4652E+00  3.5350E+00 ,        13  4.6386E-01  1.1200E+02  6.9124E+00 -2.7690E+00  3.7460E+00 ,

ge          0         2    949721         2        26 ;        13  2.0379E-01  1.1310E+02 -3.1844E+00 -2.4000E+00  3.8454E+00 ,        21  1.1569E+00  1.0052E+02 -1.6209E+00  2.4791E+00  3.3500E+00 ,        22  2.3123E+00  1.0600E+02 -2.3106E+00  2.8942E+00  3.5360E+00 ,

ge          0         2    960038         2        17 ;        21  6.8330E-01  1.0080E+02  2.5731E+00  3.0474E+00  3.3601E+00 ,        22  2.0677E+00  1.0600E+02  1.4524E+00  3.2138E+00  3.5387E+00 ,        23  2.9998E+00  1.1200E+02  7.3234E-01  3.3886E+00  3.7427E+00 ,

ge          0         3         4         2         2 ;        11  7.2693E-01  1.0061E+02  1.0746E-01 -3.2013E+00  3.3722E+00 ,        12  1.6283E+00  1.0703E+02 -1.6939E+00 -3.3725E+00  3.5952E+00 ,        13  8.4180E-01  1.1200E+02 -3.8668E+00 -3.5326E+00  3.7780E+00 ,

ge          0         3     19922         2         2 ;        11  2.4182E+00  1.0027E+02  5.8351E+00 -3.4240E+00  3.3619E+00 ,        12  3.0792E+00  1.0600E+02  6.4958E+00 -3.1633E+00  3.5563E+00 ,        22  2.2338E-01  1.0697E+02  5.2362E+00  2.4000E+00  3.8416E+00 ,

ge          0         3     21059         2        14 ;        21  6.5209E-01  1.0082E+02 -6.9191E-01  3.3881E+00  3.3591E+00 ,        22  2.5217E+00  1.0600E+02 -1.3642E+00  3.4964E+00  3.5342E+00 ,        23  2.6122E+00  1.1200E+02 -5.8277E-02  3.2554E+00  3.7462E+00 ,

ge          0         3     46988         2         2 ;        12  3.6494E-01  1.0640E+02 -4.2200E+00 -2.4000E+00  3.8738E+00 ,        21  3.6462E-01  1.0107E+02  1.4858E+00  2.4210E+00  3.3709E+00 ,        22  2.7704E-01  1.0600E+02 -4.7743E+00  2.4425E+00  3.6687E+00 ,

ge          0         3     72289         2         2 ;        11  3.3195E+00  1.0040E+02  6.5524E+00 -3.2068E+00  3.3596E+00 ,        12  5.4420E-01  1.0702E+02  3.3903E-01 -3.3840E+00  3.6626E+00 ,        13  3.5111E-01  1.1200E+02  1.4806E+00 -2.8931E+00  3.8792E+00 ,

ge          0         3    101520         2         2 ;        21  1.0412E-01  1.0114E+02  6.2210E+00  3.4934E+00  3.3787E+00 ,        22  2.0515E+00  1.0600E+02  6.8807E+00  2.9872E+00  3.5439E+00 ,        23  2.9167E+00  1.1200E+02  5.9336E+00  3.3567E+00  3.7495E+00 ,

ge          0         3    130893         2         2 ;        21  2.1803E-01  1.0107E+02 -1.1840E+00  3.1984E+00  3.3804E+00 ,        22  2.3879E+00  1.0600E+02 -1.4993E+00  2.8396E+00  3.5462E+00 ,        23  1.3488E+00  1.1200E+02 -6.9126E-01  2.5796E+00  3.7520E+00 ,

ge          0         3    155368         2         6 ;        21  1.8569E-01  1.0109E+02 -3.0211E+00  3.3244E+00  3.3771E+00 ,        22  2.1631E+00  1.0600E+02 -3.2139E+00  2.7440E+00  3.5428E+00 ,        23  3.2123E+00  1.1200E+02 -4.4152E+00  2.8653E+00  3.7503E+00 ,

ge          0         3    179667         2         2 ;        12  1.7315E-01  1.0720E+02 -8.7184E-01 -2.4277E+00  4.1450E+00 ,        22  9.2125E-01  1.0679E+02  1.1270E+00  2.9392E+00  3.5620E+00 ,        23  1.4689E+00  1.1200E+02 -1.6635E+00  3.0650E+00  3.7668E+00 ,

ge          0         3    187825         2         2 ;        12  7.3659E-01  1.0618E+02  4.2156E+00 -2.4000E+00  3.8592E+00 ,        21  3.0650E+00  1.0052E+02  5.0206E-02  2.4938E+00  3.3451E+00 ,        22  1.6130E+00  1.0600E+02 -1.7081E+00  2.5403E+00  3.5402E+00 ,

ge          0         3    196402         2        12 ;        13  2.2916E+00  1.1255E+02 -9.5010E-01 -2.4000E+00  3.9360E+00 ,        22  5.2688E-01  1.0689E+02 -8.4272E-01  2.7891E+00  3.5648E+00 ,        23  2.2295E+00  1.1200E+02 -8.6136E-01  2.8603E+00  3.7362E+00 ,

ge          0         3    199727         2        59 ;        12  5.0982E-01  1.0615E+02 -1.7106E+00 -2.4000E+00  3.7670E+00 ,        22  3.3163E+00  1.0602E+02 -1.5453E+00  2.7044E+00  3.5499E+00 ,        23  1.2231E+00  1.1200E+02 -1.6244E-01  3.0636E+00  3.7673E+00 ,

ge          0         3    213864         2         2 ;        21  2.9401E-01  1.0103E+02  1.8859E+00  2.7311E+00  3.3709E+00 ,        22  2.8283E+00  1.0600E+02  8.7998E-01  2.6453E+00  3.5409E+00 ,        23  1.7259E+00  1.1200E+02 -1.5257E+00  3.2964E+00  3.7647E+00 ,

ge          0         3    225565         2        20 ;        13  2.2574E+00  1.1200E+02 -3.7333E+00 -2.5283E+00  3.8496E+00 ,        21  8.7908E-01  1.0068E+02 -1.1437E+00  3.0634E+00  3.3557E+00 ,        22  2.2651E+00  1.0600E+02 -5.5842E-01  3.2928E+00  3.5355E+00 ,

ge          0         3    240317         2        20 ;        12  1.2749E-01  1.0720E+02 -3.8239E-02 -3.2650E+00  4.1315E+00 ,        13  2.4784E+00  1.1200E+02  2.7676E-01 -3.1057E+00  3.8566E+00 ,        22  6.7159E-01  1.0686E+02 -1.2771E+00  3.0914E+00  3.5778E+00 ,

ge          0         3    294484         2         2 ;        12  2.9173E+00  1.0669E+02  1.0887E+00 -2.7183E+00  3.5542E+00 ,        13  2.2119E+00  1.1200E+02 -2.2385E+00 -3.4014E+00  3.7817E+00 ,        23  3.1611E-01  1.1261E+02 -5.7803E+00  3.3966E+00  4.0464E+00 ,

ge          0         3    341692         2         6 ;        21  2.0641E-01  1.0108E+02  2.7704E+00  2.7013E+00  3.3857E+00 ,        22  2.0877E+00  1.0600E+02  2.4575E+00  3.1727E+00  3.5515E+00 ,        23  2.4180E+00  1.1200E+02  2.6660E+00  3.0109E+00  3.7547E+00 ,

ge          0         3    347067         2        45 ;        13  9.1696E-01  1.1289E+02 -9.9353E-01 -2.4000E+00  3.9816E+00 ,        22  3.6098E+00  1.0690E+02 -5.0187E+00  2.8537E+00  3.5749E+00 ,        23  1.3127E+00  1.1200E+02 -1.3327E+00  2.7202E+00  3.7826E+00 ,

ge          0         3    352619         2         2 ;        12  6.8773E-01  1.0685E+02  5.5103E+00 -2.4000E+00  3.6687E+00 ,        13  8.9646E-01  1.1200E+02  6.3755E+00 -2.4242E+00  3.8556E+00 ,        21  1.3554E+00  1.0069E+02  3.9088E+00  3.5838E+00  3.3680E+00 ,

ge          0         3    406999         2        39 ;        11  2.2586E+00  1.0018E+02  6.7328E+00 -2.4312E+00  3.3500E+00 ,        22  1.3712E+00  1.0600E+02  2.1917E+00  3.2732E+00  3.6760E+00 ,        23  3.6714E-01  1.1306E+02 -4.8019E+00  2.4000E+00  4.1695E+00 ,

ge          0         3    420766         2        16 ;        13  7.0842E-01  1.1211E+02  2.1348E-01 -2.4000E+00  3.9911E+00 ,        22  1.0814E+00  1.0681E+02 -2.9789E-01  3.3947E+00  3.5610E+00 ,        23  3.4679E+00  1.1200E+02 -4.7173E-01  3.2968E+00  3.7354E+00 ,

ge          0         3    439471         2        22 ;        21  1.0782E+00  1.0064E+02  5.1345E+00  2.6786E+00  3.3564E+00 ,        22  2.1274E+00  1.0600E+02  3.6384E+00  2.9776E+00  3.5440E+00 ,        23  2.2184E-01  1.1200E+02  2.3467E+00  3.5795E+00  3.7547E+00 ,

ge          0         3    464467         2         2 ;        21  1.2249E-01  1.0113E+02 -4.2463E+00  3.3956E+00  3.4003E+00 ,        22  2.0879E+00  1.0600E+02 -4.8074E+00  2.9682E+00  3.5650E+00 ,        23  2.7201E+00  1.1200E+02 -2.1369E+00  2.6949E+00  3.7890E+00 ,

ge          0         3    469467         2        38 ;        11  2.2549E+00  1.0021E+02 -2.2655E+00 -2.4143E+00  3.3499E+00 ,        12  2.2742E+00  1.0600E+02 -4.8003E+00 -2.5950E+00  3.5656E+00 ,        13  9.9146E-01  1.1200E+02 -4.3203E+00 -2.5483E+00  3.7802E+00 ,

ge          0         3    541327         2       186 ;        13  1.7539E+00  1.1254E+02  2.3348E+00 -2.4000E+00  3.8726E+00 ,        21  2.0822E+00  1.0000E+02  1.0819E+00  3.4269E+00  3.3605E+00 ,        22  4.1892E-01  1.0600E+02 -4.4930E-01  2.4999E+00  3.5771E+00 ,

ge          0         3    576953         2        25 ;        11  1.1310E+00  1.0056E+02  2.1325E+00 -2.9301E+00  3.3655E+00 ,        12  2.1233E+00  1.0600E+02  4.2783E+00 -2.5916E+00  3.5626E+00 ,        13  1.3624E+00  1.1200E+02  3.2904E+00 -3.3639E+00  3.7761E+00 ,

ge          0         3    577974         2       121 ;        11  2.2623E+00  1.0000E+02  3.4718E+00 -2.5198E+00  3.3613E+00 ,        12  2.5041E+00  1.0600E+02  5.7301E+00 -2.9030E+00  3.5796E+00 ,        13  1.0455E+00  1.1200E+02  6.1107E+00 -3.4284E+00  3.8019E+00 ,

ge          0         3    578414         2         6 ;        11  2.4951E-01  1.0105E+02 -6.1496E+00 -3.3736E+00  3.3810E+00 ,        12  3.0231E+00  1.0600E+02 -6.0731E+00 -3.5183E+00  3.5468E+00 ,        13  1.6872E+00  1.1200E+02 -6.7581E+00 -2.5050E+00  3.7583E+00 ,

ge          0         3    590527         2        35 ;        11  1.7498E+00  1.0026E+02 -6.1647E-01 -3.0163E+00  3.3603E+00 ,        12  8.0276E-01  1.0600E+02 -5.0666E-01 -2.5598E+00  3.5544E+00 ,        23  3.3066E+00  1.1200E+02  1.1046E+00  2.6741E+00  3.8293E+00 ,

ge          0         3    594291         2         2 ;        21  1.9146E+00  1.0047E+02 -3.9312E-01  2.7072E+00  3.3536E+00 ,        22  3.7193E+00  1.0600E+02 -5.0556E-01  2.6676E+00  3.5396E+00 ,        23  4.6831E-01  1.1200E+02 -2.1724E+00  2.5894E+00  3.8049E+00 ,

ge          0         3    596646         2         8 ;        21  3.0502E-01  1.0102E+02  6.0035E+00  3.2357E+00  3.3873E+00 ,        22  2.0499E+00  1.0600E+02  5.7648E+00  3.1589E+00  3.5542E+00 ,        23  2.9190E+00  1.1200E+02  5.5612E+00  2.7533E+00  3.7573E+00 ,

ge          0         3    598856         2        40 ;        11  1.9342E+00  1.0015E+02  4.0974E+00 -2.6714E+00  3.3394E+00 ,        12  8.6282E-01  1.0600E+02  2.7824E+00 -2.6195E+00  3.5420E+00 ,        23  2.4963E+00  1.1268E+02  1.2273E+00  2.4000E+00  3.8311E+00 ,

ge          0         3    604184         2         2 ;        11  3.4199E+00  1.0022E+02  3.2918E+00 -2.7996E+00  3.3473E+00 ,        12  3.4632E-01  1.0600E+02  9.2148E-01 -3.4632E+00  3.6099E+00 ,        21  1.1415E+00  1.0088E+02  5.3981E+00  2.4000E+00  3.5470E+00 ,

ge          0         3    606711         2         2 ;        13  1.0050E+00  1.1200E+02 -2.6233E+00 -3.3062E+00  3.8550E+00 ,        21  1.2120E+00  1.0049E+02  2.5949E+00  2.8635E+00  3.3471E+00 ,        22  5.5068E-01  1.0600E+02  1.7506E+00  2.5185E+00  3.5354E+00 ,

ge          0         3    619568         2         2 ;        13  1.0842E+00  1.1200E+02 -7.0590E-01 -2.7130E+00  3.8139E+00 ,        21  5.5215E-01  1.0105E+02 -6.4706E-01  2.8368E+00  3.3812E+00 ,        22  2.4407E+00  1.0600E+02 -1.3239E+00  3.3929E+00  3.5510E+00 ,

ge          0         3    627320         2         4 ;        11  1.4684E-01  1.0111E+02  3.4321E+00 -2.7072E+00  3.3891E+00 ,        12  2.1047E+00  1.0600E+02  3.0981E+00 -3.2696E+00  3.5541E+00 ,        13  1.4590E+00  1.1200E+02  1.9620E+00 -3.2635E+00  3.7614E+00 ,

ge          0         3    698872         2        25 ;        13  5.9998E-02  1.1200E+02  1.7118E+00 -3.5745E+00  3.8804E+00 ,        21  1.1590E+00  1.0062E+02  2.9618E+00  3.0333E+00  3.3607E+00 ,        22  2.5224E+00  1.0600E+02  2.5217E+00  3.0645E+00  3.5440E+00 ,

ge          0         3    700105         2        20 ;        21  7.9456E-01  1.0075E+02  5.3359E+00  3.4886E+00  3.3619E+00 ,        22  2.1241E+00  1.0600E+02  5.0109E+00  3.0531E+00  3.5401E+00 ,        23  8.5862E-02  1.1200E+02  6.2638E+00  3.5893E+00  3.7611E+00 ,

ge          0         3    727590         2         2 ;        13  9.9911E-01  1.1200E+02  2.1265E+00 -2.8019E+00  3.8259E+00 ,        21  2.7040E-01  1.0106E+02  4.6599E+00  2.8501E+00  3.3761E+00 ,        22  1.3553E+00  1.0647E+02  3.6791E+00  3.5235E+00  3.5608E+00 ,

ge          0         3    734558         2        20 ;        12  7.7764E-01  1.0676E+02  2.2266E+00 -3.5632E+00  3.5814E+00 ,        13  2.4316E+00  1.1200E+02  3.2345E+00 -2.8861E+00  3.7632E+00 ,        23  3.4485E-01  1.1241E+02  1.7497E+00  2.4000E+00  4.0091E+00 ,

ge          0         3    768102         2         2 ;        21  5.2280E-02  1.0117E+02  2.4694E+00  3.5352E+00  3.3712E+00 ,        22  2.6361E+00  1.0600E+02  2.2632E+00  2.8620E+00  3.5354E+00 ,        23  1.0946E+00  1.1200E+02 -5.5621E-01  3.4761E+00  3.7707E+00 ,

ge          0         3    784510         2         2 ;        12  3.6996E-01  1.0642E+02  6.9500E+00 -2.6525E+00  3.7316E+00 ,        21  4.9144E-01  1.0092E+02 -7.0676E-01  3.0087E+00  3.3647E+00 ,        22  2.5891E+00  1.0600E+02 -2.6209E+00  2.6154E+00  3.5478E+00 ,

ge          0         3    789260         2         5 ;        21  1.9441E-01  1.0109E+02 -2.2317E+00  3.3968E+00  3.3764E+00 ,        22  2.0895E+00  1.0600E+02 -4.4680E+00  3.5123E+00  3.5572E+00 ,        23  1.2784E-01  1.1242E+02 -6.5390E+00  2.8393E+00  3.7833E+00 ,

ge          0         3    805668         2         4 ;        11  1.2441E-01  1.0113E+02  4.6564E+00 -2.9025E+00  3.3812E+00 ,        12  2.4911E+00  1.0600E+02  3.3154E+00 -2.8426E+00  3.5511E+00 ,        23  2.4163E-01  1.1313E+02 -6.4025E+00  2.4000E+00  4.0411E+00 ,

ge          0         3    805893         2         2 ;        11  2.0898E+00  1.0024E+02  5.7674E+00 -3.4062E+00  3.3555E+00 ,        12  1.1849E+00  1.0600E+02  9.8669E-01 -3.1232E+00  3.6119E+00 ,        21  8.9418E-01  1.0015E+02  4.7071E-01  2.4000E+00  3.9205E+00 ,

ge          0         3    826944         2        24 ;        21  1.2114E+00  1.0060E+02  5.7708E+00  3.3533E+00  3.3537E+00 ,        22  2.5535E+00  1.0600E+02  4.2011E+00  2.9705E+00  3.5438E+00 ,        23  3.0588E-01  1.1200E+02  4.7519E+00  2.4594E+00  3.7592E+00 ,

ge          0         3    843375         2         7 ;        21  2.2083E-01  1.0107E+02 -1.7177E+00  3.3736E+00  3.3769E+00 ,        22  2.8296E+00  1.0600E+02 -2.6585E+00  2.9234E+00  3.5457E+00 ,        23  1.9790E+00  1.1200E+02 -4.9124E+00  2.9477E+00  3.7649E+00 ,

ge          0         3    895870         2        42 ;        13  5.8487E-01  1.1319E+02 -2.6669E+00 -2.4000E+00  3.9947E+00 ,        22  1.8999E+00  1.0610E+02 -5.0527E+00  2.9230E+00  3.5641E+00 ,        23  2.8333E+00  1.1200E+02 -5.2132E+00  2.8566E+00  3.7634E+00 ,

ge          0         3    928770         2        13 ;        13  2.3193E-01  1.1200E+02 -1.1199E+00 -3.4796E+00  3.8604E+00 ,        21  5.1375E-01  1.0090E+02 -1.6687E+00  3.3825E+00  3.3665E+00 ,        22  2.6203E+00  1.0600E+02 -2.5180E+00  2.8722E+00  3.5413E+00 ,

ge          0         3    937519         2         2 ;        13  1.6960E-01  1.1311E+02  2.4456E+00 -2.4000E+00  3.8380E+00 ,        21  4.0101E-01  1.0098E+02 -7.4898E-01  3.5354E+00  3.3670E+00 ,        22  1.0952E+00  1.0600E+02 -8.5569E-01  2.4764E+00  3.5420E+00 ,

ge          0         3    941727         2         2 ;        13  2.4900E+00  1.1209E+02 -3.9025E+00 -2.4000E+00  3.8200E+00 ,        21  3.2639E-01  1.0101E+02 -4.1391E+00  2.7077E+00  3.3717E+00 ,        22  2.4512E+00  1.0600E+02 -4.2402E+00  2.9510E+00  3.5393E+00 ,

ge          0         3    954191         2        10 ;        11  3.9634E-01  1.0097E+02  4.6875E+00 -3.3240E+00  3.3729E+00 ,        12  2.6211E+00  1.0600E+02  4.8068E+00 -3.1453E+00  3.5417E+00 ,        23  2.1825E-01  1.1200E+02 -8.6295E-03  3.5143E+00  3.8944E+00 ,

ge          0         3    961576         2         2 ;        12  1.1266E+00  1.0654E+02  3.0327E+00 -3.0496E+00  3.5670E+00 ,        13  3.3638E+00  1.1200E+02  5.0069E+00 -3.2051E+00  3.7634E+00 ,        23  2.8425E-01  1.1279E+02  3.6599E+00  2.4000E+00  4.0352E+00 ,

ge          0         3    997306         2        42 ;        21  2.7291E+00  1.0046E+02 -3.2641E+00  2.4189E+00  3.3753E+00 ,        22  2.5277E+00  1.0600E+02 -3.6038E+00  3.2031E+00  3.5520E+00 ,        23  1.4663E-01  1.1312E+02  1.3090E+00  3.6000E+00  4.6159E+00 ,

ge          0         4     24053         2         2 ;        11  2.0827E-01  1.0108E+02  1.5092E+00 -2.8493E+00  3.3712E+00 ,        12  2.2462E+00  1.0600E+02  1.3585E+00 -2.9406E+00  3.5374E+00 ,        23  6.3906E-01  1.1266E+02  3.7609E+00  2.4000E+00  3.8721E+00 ,

ge          0         4     26234         2         2 ;        13  5.4209E-01  1.1200E+02  4.6852E+00 -3.1394E+00  3.8972E+00 ,        22  3.4674E+00  1.0609E+02  6.0932E+00  3.3507E+00  3.5440E+00 ,        23  1.2381E+00  1.1200E+02  3.0746E+00  2.7130E+00  3.7973E+00 ,

ge          0         4     42212         2         2 ;        21  1.4566E+00  1.0066E+02 -3.2722E+00  3.4921E+00  3.3536E+00 ,        22  2.9467E+00  1.0600E+02 -1.4832E+00  2.9509E+00  3.5441E+00 ,        23  3.9843E-01  1.1200E+02  1.6915E+00  3.1339E+00  3.8194E+00 ,

ge          0         4     49594         2         2 ;        12  5.7806E-01  1.0618E+02  6.4973E-01 -2.4000E+00  3.7055E+00 ,        21  2.6108E+00  1.0038E+02  5.3131E+00  3.3648E+00  3.3440E+00 ,        22  1.0105E+00  1.0600E+02  3.0914E+00  2.9746E+00  3.5604E+00 ,

ge          0         4     56723         2         2 ;        11  8.1244E-01  1.0074E+02  5.3816E+00 -3.3386E+00  3.3679E+00 ,        12  2.5492E+00  1.0600E+02  3.5132E+00 -3.2123E+00  3.5554E+00 ,        22  3.3063E-01  1.0714E+02  3.8390E+00  2.4000E+00  3.7701E+00 ,

ge          0         4     58755         3        40 ;        21  1.7323E+00  1.0093E+02 -7.8325E-01  2.8934E+00  3.3692E+00 ,        22  1.5767E+00  1.0636E+02  5.9395E-01  3.3728E+00  3.5568E+00 ,        23  2.1510E+00  1.1200E+02  2.3364E+00  3.1676E+00  3.7583E+00 ,

ge          0         4     73670         2         2 ;        21  1.2705E-01  1.0113E+02 -1.2313E+00  3.0594E+00  3.3680E+00 ,        22  2.0994E+00  1.0600E+02 -1.1506E+00  3.3841E+00  3.5315E+00 ,        23  3.5045E+00  1.1200E+02 -3.5714E+00  3.5254E+00  3.7536E+00 ,

ge          0         4     78827         2         2 ;        13  1.5011E+00  1.1281E+02  1.0547E+00 -2.4000E+00  3.8901E+00 ,        21  1.3940E+00  1.0040E+02 -4.0124E+00  3.2855E+00  3.3620E+00 ,        22  2.1466E+00  1.0600E+02 -3.3574E+00  2.6451E+00  3.5541E+00 ,

ge          0         4     86225         3         2 ;        21  1.3195E+00  1.0021E+02  6.6607E+00  3.2387E+00  3.3493E+00 ,        22  1.9105E+00  1.0681E+02  5.7328E+00  3.1917E+00  3.5716E+00 ,        23  2.0795E+00  1.1200E+02  6.7867E+00  2.8494E+00  3.7524E+00 ,

ge          0         4    119498         2         2 ;        11  5.8795E-01  1.0086E+02 -2.7216E+00 -2.8023E+00  3.3686E+00 ,        12  2.5144E+00  1.0600E+02 -2.7354E+00 -2.9457E+00  3.5412E+00 ,        23  1.9113E+00  1.1233E+02 -2.8056E+00  2.4000E+00  3.8318E+00 ,

ge          0         4    163545         2         2 ;        11  1.2215E-01  1.0113E+02 -3.4405E+00 -3.4612E+00  3.3754E+00 ,        12  2.5304E+00  1.0600E+02 -3.3121E+00 -3.5616E+00  3.5388E+00 ,        13  1.9737E+00  1.1200E+02 -5.6626E+00 -2.9189E+00  3.7679E+00 ,

ge          0         4    164114         2         2 ;        21  7.1524E-01  1.0081E+02  1.7063E+00  3.5042E+00  3.3618E+00 ,        22  2.5649E+00  1.0600E+02  4.6314E+00  3.1809E+00  3.5621E+00 ,        23  2.0914E+00  1.1200E+02  2.6679E+00  2.9405E+00  3.7817E+00 ,

ge          0         4    181850         2         2 ;        11  1.1236E-01  1.0113E+02  5.5281E+00 -3.4379E+00  3.3793E+00 ,        12  2.8224E+00  1.0600E+02  4.9320E+00 -2.6533E+00  3.5455E+00 ,        23  1.3939E+00  1.1200E+02  2.2812E+00  3.0516E+00  3.8489E+00 ,

ge          0         4    239265         2         2 ;        12  3.3819E+00  1.0613E+02 -1.9983E+00 -3.0041E+00  3.5519E+00 ,        13  1.0116E+00  1.1200E+02  5.5431E+00 -3.5723E+00  3.9002E+00 ,        22  4.9343E-01  1.0640E+02  1.3844E+00  2.4000E+00  4.2772E+00 ,

ge          0         4    248838         2         2 ;        12  1.1941E+00  1.0701E+02  4.8014E+00 -2.4000E+00  3.7864E+00 ,        21  1.2309E+00  1.0057E+02 -6.9265E-01  2.8133E+00  3.3484E+00 ,        22  2.6604E+00  1.0600E+02  1.0386E+00  2.6421E+00  3.5404E+00 ,

ge          0         4    267184         2         2 ;        13  6.9603E-01  1.1200E+02 -2.5110E+00 -2.6758E+00  3.8184E+00 ,        21  1.4023E+00  1.0081E+02 -4.8939E+00  3.3743E+00  3.3659E+00 ,        22  2.5264E+00  1.0600E+02 -3.2890E+00  3.2630E+00  3.5501E+00 ,

ge          0         4    267220         2         7 ;        11  6.5210E-01  1.0113E+02  3.3098E+00 -2.6309E+00  3.3817E+00 ,        12  2.2675E+00  1.0600E+02  3.5371E+00 -2.6902E+00  3.5453E+00 ,        13  3.1774E-01  1.1200E+02  5.6277E+00 -3.5631E+00  3.7644E+00 ,

ge          0         4    310669         2         2 ;        21  1.4612E-01  1.0111E+02 -4.0600E+00  3.0241E+00  3.3788E+00 ,        22  2.0924E+00  1.0600E+02 -3.6061E+00  2.9628E+00  3.5430E+00 ,        23  2.4872E+00  1.1200E+02 -6.5045E+00  2.9457E+00  3.7701E+00 ,

ge          0         4    375957         2        16 ;        13  3.0476E-01  1.1200E+02 -5.4961E+00 -3.4634E+00  3.8726E+00 ,        21  6.7127E-01  1.0082E+02 -3.9623E+00  2.7415E+00  3.3870E+00 ,        22  3.0098E+00  1.0600E+02 -5.5967E+00  2.8473E+00  3.5690E+00 ,

ge          0         4    388517         2         2 ;        11  6.3044E-01  1.0083E+02 -1.3848E+00 -3.2521E+00  3.3772E+00 ,        12  2.2187E+00  1.0600E+02 -2.6060E+00 -2.7689E+00  3.5560E+00 ,        13  2.7235E+00  1.1200E+02 -1.1657E+00 -2.7366E+00  3.7701E+00 ,

ge          0         4    458077         2         7 ;        11  2.5629E-01  1.0105E+02  3.0162E+00 -2.7392E+00  3.3753E+00 ,        12  2.2352E+00  1.0600E+02  2.1521E+00 -3.0940E+00  3.5441E+00 ,        13  5.9394E-01  1.1200E+02  2.1128E+00 -3.4825E+00  3.7483E+00 ,

ge          0         4    463145         2         2 ;        11  2.4580E+00  1.0020E+02 -1.0560E+00 -2.7390E+00  3.3614E+00 ,        12  2.3257E+00  1.0600E+02 -2.4718E-01 -2.6619E+00  3.5592E+00 ,        13  4.8725E-01  1.1200E+02  2.2303E+00 -3.5883E+00  3.8136E+00 ,

ge          0         4    473084         2         2 ;        12  1.1090E+00  1.0691E+02 -1.7305E+00 -2.8927E+00  3.5708E+00 ,        13  1.5209E+00  1.1200E+02 -1.8330E+00 -2.4900E+00  3.7424E+00 ,        23  4.0301E-01  1.1233E+02 -3.4003E+00  2.4000E+00  3.8901E+00 ,

ge          0         4    475877         2        23 ;        11  1.0875E+00  1.0057E+02  3.0068E-01 -2.6004E+00  3.3562E+00 ,        12  2.1686E+00  1.0600E+02  2.4175E+00 -2.6437E+00  3.5519E+00 ,        13  1.8145E+00  1.1200E+02  2.0950E+00 -3.1724E+00  3.7568E+00 ,

ge          0         4    492592         2         2 ;        13  1.1340E+00  1.1296E+02  1.2514E-02 -2.4000E+00  3.8574E+00 ,        21  7.0031E-01  1.0100E+02 -1.9086E+00  2.9673E+00  3.3740E+00 ,        22  1.0676E+00  1.0600E+02 -4.5824E-01  2.4798E+00  3.5526E+00 ,

ge          0         4    494625         2        40 ;        11  1.6276E+00  1.0030E+02 -2.9950E+00 -3.0080E+00  3.3662E+00 ,        12  2.3854E+00  1.0600E+02 -5.6034E+00 -3.3694E+00  3.5797E+00 ,        23  1.8096E+00  1.1225E+02 -1.6614E+00  2.4977E+00  3.8074E+00 ,

ge          0         4    636215         2         7 ;        11  5.6672E-01  1.0107E+02 -1.7747E-01 -2.7813E+00  3.3788E+00 ,        12  3.2008E+00  1.0600E+02  6.9660E-01 -2.9834E+00  3.5471E+00 ,        13  1.1898E+00  1.1200E+02  4.4207E-01 -2.7325E+00  3.7527E+00 ,

ge          0         4    655498         2         2 ;        12  8.1352E-01  1.0697E+02 -9.2907E-01 -2.4000E+00  3.7872E+00 ,        21  1.5632E+00  1.0041E+02  1.8994E+00  2.4621E+00  3.3430E+00 ,        22  3.0701E+00  1.0600E+02 -5.8766E-01  2.9343E+00  3.5503E+00 ,

ge          0         4    659083         2        49 ;        11  2.3986E+00  1.0025E+02  5.6482E+00 -2.4896E+00  3.3505E+00 ,        13  1.2936E+00  1.1200E+02  3.2134E+00 -2.4275E+00  3.7733E+00 ,        22  4.1248E-01  1.0600E+02  1.4756E+00  3.4777E+00  3.6912E+00 ,

ge          0         4    661396         2         2 ;        12  1.3896E-01  1.0712E+02  3.6084E+00 -2.5834E+00  3.5780E+00 ,        13  2.5113E+00  1.1200E+02  3.8888E+00 -3.1792E+00  3.7432E+00 ,        23  1.7703E+00  1.1219E+02  3.7033E+00  2.4000E+00  3.9571E+00 ,

ge          0         4    705231         2        31 ;        12  1.3953E+00  1.0640E+02  3.2981E+00 -2.7858E+00  3.5605E+00 ,        13  2.7814E+00  1.1200E+02  3.0804E+00 -2.4682E+00  3.7509E+00 ,        23  4.6624E-01  1.1212E+02  1.9546E+00  3.3369E+00  3.8435E+00 ,

ge          0         4    750081         2        32 ;        13  2.6583E-01  1.1223E+02  3.7258E-01 -2.4000E+00  3.9300E+00 ,        21  1.9699E+00  1.0066E+02  1.2262E+00  2.6213E+00  3.3809E+00 ,        22  3.3548E+00  1.0600E+02  4.1164E-01  3.2863E+00  3.5468E+00 ,

ge          0         4    792872         2         2 ;        21  1.5121E-01  1.0111E+02  4.6537E+00  3.1712E+00  3.3674E+00 ,        22  2.1076E+00  1.0600E+02  4.5820E+00  2.9357E+00  3.5315E+00 ,        23  2.8106E+00  1.1200E+02  3.2061E+00  2.7993E+00  3.7411E+00 ,

ge          0         4    803749         2         2 ;        11  5.1656E-02  1.0117E+02  4.5460E+00 -3.1114E+00  3.3855E+00 ,        12  2.4667E+00  1.0600E+02  4.5776E+00 -3.4362E+00  3.5474E+00 ,        13  3.5912E+00  1.1200E+02  4.2259E+00 -2.9735E+00  3.7517E+00 ,

ge          0         4    844201         2         8 ;        21  3.0604E-01  1.0102E+02 -2.2799E+00  3.4465E+00  3.3697E+00 ,        22  1.8096E-01  1.0600E+02 -2.3992E+00  2.4269E+00  3.5403E+00 ,        23  1.2698E+00  1.1236E+02  6.3918E+00  2.8417E+00  3.8462E+00 ,

ge          0         4    889114         2         2 ;        11  1.3999E+00  1.0063E+02  6.5075E+00 -3.1816E+00  3.3726E+00 ,        12  3.5874E+00  1.0600E+02  3.2288E+00 -3.2232E+00  3.5852E+00 ,        13  6.6270E-01  1.1200E+02  4.7341E+00 -3.0744E+00  3.8535E+00 ,

ge          0         4    893580         3       103 ;        11  2.2647E-01  1.0119E+02 -5.1158E-01 -3.0658E+00  3.8492E+00 ,        12  1.3342E+00  1.0600E+02 -1.1057E+00 -2.7284E+00  3.6606E+00 ,        21  9.5683E-01  1.0000E+02 -7.0213E-01  2.5362E+00  3.3804E+00 ,

ge          0         4    897951         2         2 ;        12  2.5415E+00  1.0658E+02  5.6395E+00 -2.4005E+00  3.5707E+00 ,        13  7.9212E-01  1.1200E+02  5.0719E+00 -2.8110E+00  3.7708E+00 ,        23  6.5029E-01  1.1286E+02  4.7160E+00  2.4000E+00  3.8530E+00 ,

ge          0         4    932845         2        26 ;        11  1.7617E+00  1.0055E+02  2.5376E-01 -2.5888E+00  3.3687E+00 ,        12  2.6572E+00  1.0600E+02 -3.7941E-01 -2.6178E+00  3.5538E+00 ,        13  1.5827E+00  1.1200E+02  2.1972E+00 -3.4322E+00  3.7812E+00 ,

ge          0         4    939403         2         2 ;        13  2.6412E+00  1.1200E+02 -9.1298E-01 -3.1292E+00  3.8487E+00 ,        21  1.9767E-01  1.0108E+02 -1.5885E+00  3.1192E+00  3.3852E+00 ,        22  2.2737E+00  1.0600E+02 -2.2692E+00  2.9897E+00  3.5514E+00 ,

ge          0         4    943021         2        61 ;        13  1.3698E+00  1.1210E+02  2.7839E+00 -2.4000E+00  3.9763E+00 ,        22  2.2494E+00  1.0600E+02  5.8668E+00  3.1547E+00  3.5576E+00 ,        23  1.6706E+00  1.1200E+02  3.3609E+00  2.8355E+00  3.7816E+00 ,

ge          0         4    981143         2        16 ;        11  7.0618E-01  1.0079E+02  1.3125E+00 -3.4555E+00  3.3682E+00 ,        12  2.3442E+00  1.0600E+02  9.2021E-01 -3.5296E+00  3.5434E+00 ,        13  2.0976E-01  1.1207E+02  4.9750E+00 -3.1272E+00  3.7894E+00 ,

ge          0         4    991929         3        14 ;        11  1.1324E+00  1.0018E+02  2.1848E+00 -3.1123E+00  3.3555E+00 ,        12  6.2854E-01  1.0683E+02  8.3581E-01 -3.0001E+00  3.5819E+00 ,        13  1.7633E+00  1.1200E+02  4.6825E-01 -2.6086E+00  3.7562E+00 ,

ge          0         5      4134         2         2 ;        11  3.2442E+00  1.0007E+02 -4.4616E-01 -2.8745E+00  3.3501E+00 ,        12  3.0748E-01  1.0600E+02 -1.8788E+00 -2.4566E+00  3.5660E+00 ,        23  7.4236E-02  1.1316E+02 -3.5721E+00  2.4000E+00  3.8703E+00 ,

ge          0         5      5563         2        17 ;        12  7.1103E-01  1.0678E+02 -5.0923E-01 -2.4131E+00  3.5731E+00 ,        13  2.5694E+00  1.1200E+02  6.0591E-01 -2.4570E+00  3.7525E+00 ,        23  2.4372E-01  1.1292E+02  3.1318E-01  2.4000E+00  4.0104E+00 ,

ge          0         5      8111         2         6 ;        11  1.7202E-01  1.0110E+02 -2.6911E+00 -2.6376E+00  3.3888E+00 ,        12  2.2804E+00  1.0600E+02 -5.3433E-01 -2.5692E+00  3.5688E+00 ,        13  1.4470E+00  1.1200E+02  1.9083E-01 -2.5173E+00  3.7777E+00 ,

ge          0         5     11735         2         2 ;        11  7.2344E-01  1.0077E+02  4.2015E-01 -2.8049E+00  3.3835E+00 ,        12  2.8224E+00  1.0600E+02  1.3209E+00 -3.3170E+00  3.5621E+00 ,        23  1.9881E+00  1.1200E+02  3.4615E+00  2.8925E+00  3.8752E+00 ,

ge          0         5     12888         2         2 ;        11  4.8207E-01  1.0092E+02 -3.3702E+00 -2.5481E+00  3.3670E+00 ,        12  2.5012E+00  1.0600E+02 -3.3877E+00 -3.3219E+00  3.5392E+00 ,        13  7.1503E-01  1.1200E+02 -5.8134E+00 -3.3197E+00  3.7674E+00 ,

ge          0         5     21323         2        16 ;        12  6.9425E-01  1.0679E+02  5.5888E+00 -2.8577E+00  3.5810E+00 ,        13  3.0699E+00  1.1200E+02  6.2374E+00 -2.9408E+00  3.7569E+00 ,        23  2.0807E+00  1.1235E+02  2.7381E+00  2.4000E+00  4.0109E+00 ,

ge          0         5     24282         2         8 ;        21  2.8715E-01  1.0103E+02  5.2615E+00  3.1322E+00  3.3717E+00 ,        22  2.1213E+00  1.0600E+02  6.1837E+00  3.3151E+00  3.5412E+00 ,        23  2.2114E+00  1.1200E+02  6.1739E+00  3.4531E+00  3.7458E+00 ,

ge          0         5     31652         2         8 ;        11  2.8377E-01  1.0103E+02  4.5089E+00 -3.0603E+00  3.3859E+00 ,        12  2.1691E+00  1.0600E+02  4.3129E+00 -3.0734E+00  3.5522E+00 ,        13  2.9134E-01  1.1200E+02  5.1332E+00 -3.5796E+00  3.7578E+00 ,

ge          0         5     37336         2         2 ;        11  7.1549E-01  1.0079E+02  6.6953E+00 -3.0193E+00  3.3767E+00 ,        12  3.2167E+00  1.0600E+02  5.3220E+00 -3.2719E+00  3.5578E+00 ,        13  2.8907E-01  1.1280E+02 -3.9317E+00 -2.4000E+00  4.1674E+00 ,        23  1.0940E+00  1.1281E+02  8.2344E-01  2.4000E+00  3.9024E+00 ,

ge          0         5     43915         2         2 ;        21  1.0592E+00  1.0069E+02  6.3898E-01  3.5173E+00  3.3698E+00 ,        22  2.1850E+00  1.0600E+02 -9.9372E-01  2.9974E+00  3.5568E+00 ,        23  1.4721E+00  1.1200E+02  1.4139E+00  3.4031E+00  3.7871E+00 ,

ge          0         5     72933         2        16 ;        11  7.1438E-01  1.0078E+02  5.5292E+00 -2.4367E+00  3.3638E+00 ,        12  2.3402E+00  1.0600E+02  4.6238E+00 -2.8871E+00  3.5423E+00 ,        13  2.1180E+00  1.1200E+02  4.8131E+00 -3.3119E+00  3.7488E+00 ,

ge          0         5     91936         2        19 ;        11  9.9661E-01  1.0071E+02  6.1096E+00 -3.2078E+00  3.3782E+00 ,        12  2.8273E+00  1.0600E+02  6.4767E+00 -2.6155E+00  3.5574E+00 ,        23  1.2389E+00  1.1200E+02 -1.3936E+00  2.7655E+00  3.9647E+00 ,

ge          0         5    100412         2        19 ;        11  2.3039E+00  1.0000E+02 -9.9095E-01 -2.5248E+00  3.3405E+00 ,        12  2.7122E+00  1.0600E+02 -2.8525E+00 -2.4899E+00  3.5528E+00 ,        23  5.7890E-01  1.1200E+02  1.3871E+00  3.3328E+00  3.9216E+00 ,

ge          0         5    129338         2        20 ;        11  1.8347E+00  1.0072E+02  2.6683E-01 -2.4513E+00  3.3807E+00 ,        12  3.4501E-01  1.0600E+02 -9.5399E-01 -2.8702E+00  3.6083E+00 ,        23  1.6419E+00  1.1261E+02 -3.6742E+00  2.4000E+00  3.8339E+00 ,

ge          0         5    131012         2         2 ;        12  1.9817E-01  1.0706E+02  3.1097E-01 -3.3363E+00  3.8186E+00 ,        21  7.1492E-01  1.0103E+02  2.2788E-01  2.5535E+00  3.3780E+00 ,        22  2.7826E+00  1.0600E+02 -6.9127E-01  3.4652E+00  3.5517E+00 ,

ge          0         5    135209         2        64 ;        12  9.8721E-01  1.0604E+02  4.6577E-01 -2.4000E+00  3.8540E+00 ,        21  2.0485E+00  1.0000E+02  6.0343E+00  3.2260E+00  3.3476E+00 ,        22  2.6519E+00  1.0600E+02  6.1269E+00  3.3081E+00  3.5498E+00 ,

ge          0         5    141736         2        31 ;        12  5.6555E-01  1.0677E+02  3.7374E+00 -2.4000E+00  3.6895E+00 ,        21  1.4294E+00  1.0038E+02  4.0914E-01  3.2517E+00  3.3388E+00 ,        22  2.6114E+00  1.0600E+02  4.1672E-01  3.3782E+00  3.5288E+00 ,

ge          0         5    142723         2         2 ;        11  9.2310E-02  1.0117E+02 -2.9221E+00 -2.7029E+00  3.3893E+00 ,        12  2.3612E+00  1.0600E+02 -1.6511E+00 -2.9047E+00  3.5570E+00 ,        13  1.4918E+00  1.1200E+02 -2.4057E+00 -2.4940E+00  3.7683E+00 ,

ge          0         5    144589         2         2 ;        13  2.9184E+00  1.1227E+02  4.7573E+00 -2.4000E+00  3.8054E+00 ,        21  7.7608E-01  1.0075E+02  3.3934E+00  3.5337E+00  3.3477E+00 ,        22  2.0351E+00  1.0600E+02  3.4645E+00  2.6722E+00  3.5262E+00 ,

ge          0         5    218746         2         2 ;        11  6.6050E-02  1.0116E+02  2.0523E+00 -2.5559E+00  3.3862E+00 ,        12  3.3802E+00  1.0600E+02  1.6019E+00 -3.1519E+00  3.5501E+00 ,        23  1.0288E+00  1.1229E+02 -3.2211E-01  2.4000E+00  3.8792E+00 ,

ge          0         5    263057         2        37 ;        13  1.5524E+00  1.1237E+02 -6.9619E-01 -2.4000E+00  3.8437E+00 ,        21  1.7702E+00  1.0017E+02 -2.9320E+00  3.5352E+00  3.3476E+00 ,        22  2.5042E+00  1.0600E+02 -2.9835E+00  2.8957E+00  3.5447E+00 ,

ge          0         5    287544         2         2 ;        11  1.2354E-01  1.0113E+02 -2.6847E+00 -3.4482E+00  3.3838E+00 ,        12  3.3722E+00  1.0600E+02 -3.3307E+00 -3.4063E+00  3.5487E+00 ,        23  1.2193E+00  1.1200E+02 -2.9955E+00  2.8364E+00  3.8580E+00 ,

ge          0         5    290332         2         2 ;        11  4.4853E-01  1.0015E+02  5.8888E-01 -2.4000E+00  3.8581E+00 ,        21  2.1352E+00  1.0018E+02  4.8334E+00  3.1981E+00  3.3496E+00 ,        22  1.2170E+00  1.0600E+02  5.1702E+00  2.7359E+00  3.5461E+00 ,

ge          0         5    308935         2         2 ;        11  4.3777E-01  1.0094E+02  8.7055E-01 -3.1384E+00  3.3784E+00 ,        12  2.6301E+00  1.0600E+02  4.5617E-01 -3.2249E+00  3.5484E+00 ,        13  1.2265E-01  1.1200E+02 -7.9173E-01 -2.8035E+00  3.8716E+00 ,

ge          0         5    346562         2         6 ;        21  5.0671E-01  1.0088E+02 -3.4132E+00  3.4732E+00  3.5697E+00 ,        22  2.7162E+00  1.0600E+02  8.3130E-01  3.0076E+00  3.5275E+00 ,        23  2.7793E+00  1.1200E+02 -1.8092E+00  3.0020E+00  3.7544E+00 ,

ge          0         5    351455         2         2 ;        21  8.2031E-01  1.0072E+02  5.5265E+00  2.8462E+00  3.3663E+00 ,        22  2.2175E+00  1.0600E+02  5.6706E+00  2.9851E+00  3.5436E+00 ,        23  2.3692E+00  1.1200E+02  2.9556E+00  3.4759E+00  3.7697E+00 ,

ge          0         5    376943         2         5 ;        21  7.6216E-02  1.0116E+02  5.2692E+00  3.5215E+00  3.3732E+00 ,        22  2.4671E+00  1.0600E+02  6.0813E+00  3.3722E+00  3.5378E+00 ,        23  5.4178E-01  1.1200E+02  6.6241E+00  2.5193E+00  3.7443E+00 ,

ge          0         5    426414         3         1 ;        11  1.2914E+00  1.0045E+02 -3.6554E+00 -2.8325E+00  3.3658E+00 ,        12  8.7490E-02  1.0631E+02 -4.0877E+00 -2.5595E+00  3.5626E+00 ,        23  4.3043E-01  1.1298E+02 -1.1939E+00  2.4000E+00  3.8437E+00 ,

ge          0         5    485666         2         4 ;        11  2.6723E-01  1.0113E+02 -1.5262E+00 -2.6567E+00  3.3951E+00 ,        12  2.8352E+00  1.0600E+02 -1.6567E+00 -2.6423E+00  3.5582E+00 ,        21  6.2314E-02  1.0114E+02  2.7877E+00  3.1206E+00  3.6656E+00 ,

ge          0         5    490609         2        20 ;        11  7.2008E-02  1.0051E+02  2.4088E+00 -3.0548E+00  3.7769E+00 ,        12  1.2952E+00  1.0662E+02  3.5576E+00 -3.1080E+00  3.5696E+00 ,        13  2.2316E+00  1.1200E+02  4.2169E+00 -2.8906E+00  3.7513E+00 ,

ge          0         5    516746         2         2 ;        21  8.5073E-02  1.0115E+02 -2.5679E+00  2.8174E+00  3.3859E+00 ,        22  2.4321E+00  1.0600E+02 -2.7852E+00  3.3024E+00  3.5493E+00 ,        23  3.2961E+00  1.1200E+02 -1.2408E+00  3.2220E+00  3.7585E+00 ,

ge          0         5    520154         2         6 ;        21  1.8745E-01  1.0109E+02 -5.5384E-01  3.1667E+00  3.3722E+00 ,        22  2.5554E+00  1.0600E+02  5.6277E-01  3.1143E+00  3.5408E+00 ,        23  3.1831E+00  1.1200E+02  2.8394E+00  3.2032E+00  3.7584E+00 ,

ge          0         5    548032         2        37 ;        12  2.5058E-01  1.0606E+02  3.6623E+00 -2.4000E+00  3.8044E+00 ,        21  1.9585E+00  1.0026E+02 -1.6837E-02  3.3907E+00  3.3449E+00 ,        22  2.7271E+00  1.0600E+02  5.0498E-01  2.7641E+00  3.5429E+00 ,

ge          0         5    572317         2         2 ;        11  4.0664E-01  1.0096E+02  4.6675E+00 -2.9806E+00  3.3729E+00 ,        12  2.3425E+00  1.0600E+02  4.8078E+00 -2.9348E+00  3.5421E+00 ,        13  1.9534E+00  1.1200E+02  5.9095E+00 -3.0285E+00  3.7518E+00 ,

ge          0         5    589126         2         2 ;        11  1.2072E+00  1.0110E+02 -7.0431E-01 -2.4000E+00  3.5552E+00 ,        13  6.4833E-02  1.1200E+02 -3.9609E+00 -3.5826E+00  3.8342E+00 ,        21  2.5620E+00  1.0017E+02 -2.4342E+00  2.5949E+00  3.3528E+00 ,

ge          0         5    590658         2        32 ;        12  1.1218E+00  1.0630E+02  4.5776E-01 -2.4000E+00  3.7876E+00 ,        21  1.6825E+00  1.0045E+02 -1.1795E+00  2.5794E+00  3.3520E+00 ,        22  2.0775E+00  1.0600E+02  1.7949E+00  3.0395E+00  3.5660E+00 ,

ge          0         5    598076         2         2 ;        13  2.1926E-01  1.1227E+02  7.7050E-01 -2.4000E+00  3.9576E+00 ,        22  1.3958E-01  1.0717E+02 -1.2779E+00  3.4917E+00  3.5781E+00 ,        23  6.3418E-01  1.1200E+02 -3.2607E+00  3.3256E+00  3.7730E+00 ,

ge          0         5    612390         2         2 ;        12  1.0012E+00  1.0600E+02 -4.0367E+00 -2.9920E+00  3.6678E+00 ,        21  2.2389E+00  1.0028E+02 -1.0608E+00  2.6877E+00  3.3569E+00 ,        22  4.9352E-01  1.0600E+02 -4.4757E+00  3.0499E+00  3.6114E+00 ,

ge          0         5    655120         2        17 ;        11  7.9390E-01  1.0084E+02 -2.9557E+00 -3.0599E+00  3.3901E+00 ,        12  2.1306E+00  1.0600E+02 -5.0153E+00 -3.1559E+00  3.5766E+00 ,        22  1.7282E+00  1.0704E+02 -6.5445E+00  2.4000E+00  3.7864E+00 ,

ge          0         5    659940         2         2 ;        12  4.4049E-01  1.0600E+02  4.4033E+00 -3.3863E+00  3.6513E+00 ,        21  3.0083E-01  1.0112E+02  1.7478E+00  2.7732E+00  3.3675E+00 ,        22  1.8209E+00  1.0600E+02  1.3527E+00  3.3071E+00  3.5331E+00 ,

ge          0         5    672618         2         2 ;        11  1.7984E+00  1.0075E+02 -7.7695E-01 -2.4742E+00  3.3571E+00 ,        12  1.1072E+00  1.0600E+02 -1.0963E+00 -3.3830E+00  3.5387E+00 ,        23  7.3469E-01  1.1235E+02 -3.9968E+00  2.4000E+00  3.8337E+00 ,

ge          0         5    692251         3        22 ;        21  3.7614E-01  1.0044E+02 -4.3863E+00  3.0647E+00  3.3667E+00 ,        22  1.0018E+00  1.0662E+02 -5.5019E+00  2.7625E+00  3.5766E+00 ,        23  3.3481E+00  1.1200E+02 -3.8215E+00  2.9631E+00  3.7675E+00 ,

ge          0         5    695459         2         2 ;        12  5.9621E-01  1.0712E+02  1.1338E+00 -2.4000E+00  4.1268E+00 ,        22  6.8072E-01  1.0690E+02 -5.2532E+00  2.9410E+00  3.5821E+00 ,        23  2.4057E+00  1.1200E+02 -3.6476E+00  2.4395E+00  3.7637E+00 ,

ge          0         5    724110         2         2 ;        13  2.4619E-01  1.1238E+02  5.4640E+00 -2.4000E+00  4.0231E+00 ,        22  5.6009E-01  1.0687E+02  2.4709E+00  2.7560E+00  3.5582E+00 ,        23  3.0451E+00  1.1200E+02  2.7233E+00  2.7931E+00  3.7304E+00 ,

ge          0         5    744783         2         2 ;        12  1.9126E+00  1.0635E+02  8.9583E-01 -2.8044E+00  3.5581E+00 ,        13  1.9009E-01  1.1200E+02  2.1501E+00 -3.5570E+00  3.7587E+00 ,        23  6.2496E-01  1.1224E+02  2.3685E+00  2.4000E+00  3.8682E+00 ,

ge          0         5    755531         2         2 ;        11  5.6081E-01  1.0087E+02 -1.6577E+00 -2.6639E+00  3.3804E+00 ,        12  1.9449E+00  1.0600E+02 -2.6411E+00 -2.7388E+00  3.5555E+00 ,        23  3.0818E+00  1.1200E+02 -5.0691E+00  2.4760E+00  3.8384E+00 ,

ge          0         5    770319         2        19 ;        11  8.4131E-01  1.0071E+02  6.1750E+00 -3.1891E+00  3.3778E+00 ,        12  2.1409E+00  1.0600E+02  5.8244E+00 -2.7138E+00  3.5569E+00 ,        13  6.0697E-02  1.1219E+02  5.3055E+00 -2.6269E+00  3.7645E+00 ,

ge          0         5    774298         2         2 ;        12  4.3410E-01  1.0674E+02 -4.7246E+00 -2.4000E+00  4.0667E+00 ,        21  1.6770E-01  1.0110E+02 -3.6603E+00  3.2091E+00  3.3785E+00 ,        22  2.8588E+00  1.0600E+02 -4.5830E+00  3.5506E+00  3.5457E+00 ,        23  7.9049E-01  1.1200E+02 -5.6891E+00  2.6065E+00  3.7559E+00 ,

ge          0         5    780288         2        11 ;        11  4.4890E-01  1.0094E+02  6.8835E+00 -3.2394E+00  3.3750E+00 ,        12  2.3277E+00  1.0600E+02  5.1947E+00 -2.9399E+00  3.5540E+00 ,        13  2.8391E+00  1.1200E+02 -9.7228E-02 -2.8749E+00  3.8256E+00 ,

ge          0         5    790633         2         2 ;        11  2.7615E+00  1.0003E+02  6.6122E+00 -3.1101E+00  3.3446E+00 ,        12  4.1726E-01  1.0613E+02 -6.4519E+00 -2.4000E+00  4.0543E+00 ,        22  1.5951E+00  1.0614E+02 -3.5349E-01  2.4000E+00  3.7226E+00 ,

ge          0         5    846683         2         7 ;        11  7.0032E-01  1.0023E+02  5.4521E-01 -2.9753E+00  3.5661E+00 ,        12  7.3599E-01  1.0600E+02 -4.4173E+00 -3.5548E+00  3.5466E+00 ,        22  1.9446E-01  1.0703E+02  7.2688E-01  2.4000E+00  3.8663E+00 ,

ge          0         5    865105         2         2 ;        13  5.0382E-01  1.1298E+02  3.8221E+00 -2.4000E+00  3.8242E+00 ,        21  2.2719E-01  1.0114E+02  1.6995E+00  2.6933E+00  3.3645E+00 ,        22  1.3933E+00  1.0600E+02  2.4943E+00  2.6390E+00  3.5293E+00 ,

ge          0         5    896536         2         5 ;        11  1.8029E-01  1.0116E+02 -3.4097E+00 -2.8228E+00  3.3863E+00 ,        12  2.3282E+00  1.0600E+02 -4.6897E+00 -2.7259E+00  3.5541E+00 ,        13  1.6334E+00  1.1200E+02 -6.6692E+00 -3.2982E+00  3.7693E+00 ,

ge          0         5    926626         2         2 ;        21  4.2370E-01  1.0095E+02  6.4869E+00  2.6209E+00  3.3754E+00 ,        22  2.6113E+00  1.0600E+02  6.4459E+00  2.7619E+00  3.5447E+00 ,        23  5.6322E-02  1.1200E+02  6.6927E+00  3.3973E+00  3.8335E+00 ,

ge          0         5    933153         2         2 ;        12  5.8161E-01  1.0695E+02 -3.0521E+00 -3.5592E+00  3.5741E+00 ,        13  3.9067E-01  1.1200E+02 -3.2935E+00 -2.4502E+00  3.7476E+00 ,        23  3.5131E-01  1.1241E+02 -4.5489E+00  2.4000E+00  3.9565E+00 ,

ge          0         5    960996         2         2 ;        21  4.6733E-01  1.0092E+02  1.6650E+00  3.2701E+00  3.3613E+00 ,        22  2.2057E+00  1.0600E+02  1.6442E+00  3.1576E+00  3.5313E+00 ,        23  2.7832E+00  1.1200E+02  2.0914E+00  3.2945E+00  3.7346E+00 ,

ge          0         5    973884         2         2 ;        13  1.2759E+00  1.1247E+02 -5.8282E+00 -2.4000E+00  3.9219E+00 ,        21  7.5797E-01  1.0076E+02  1.6434E+00  2.4838E+00  3.3677E+00 ,        22  2.2339E+00  1.0600E+02  5.4438E-01  2.6736E+00  3.5484E+00 ,

ge          0         6     28213         2         2 ;        13  1.2306E+00  1.1226E+02  2.4330E+00 -2.4000E+00  3.8099E+00 ,        21  2.2240E+00  1.0030E+02  5.0803E-01  2.4297E+00  3.3543E+00 ,        22  2.0186E+00  1.0600E+02 -2.4128E+00  2.9309E+00  3.5775E+00 ,

ge          0         6     51739         2         2 ;        21  2.6115E-01  1.0105E+02 -1.8262E-02  3.2048E+00  3.3691E+00 ,        22  2.9527E+00  1.0600E+02  2.6823E-01  3.4836E+00  3.5365E+00 ,        23  1.8678E-01  1.1200E+02  1.8014E+00  3.2900E+00  3.8365E+00 ,

ge          0         6     92695         2         2 ;        13  1.7893E+00  1.1249E+02  2.5222E+00 -2.4000E+00  3.8367E+00 ,        21  1.5623E+00  1.0029E+02 -5.3251E-01  3.2238E+00  3.3386E+00 ,        22  1.2974E+00  1.0600E+02 -6.9296E-01  2.5402E+00  3.5338E+00 ,

ge          0         6     97567         2         2 ;        13  1.5579E-01  1.1270E+02  6.7722E+00 -2.4000E+00  4.1055E+00 ,        21  3.8081E-01  1.0112E+02  2.0031E+00  2.7056E+00  3.3767E+00 ,        22  1.6016E+00  1.0631E+02  2.5974E+00  3.0507E+00  3.5511E+00 ,

ge          0         6     99659         2         2 ;        11  4.5873E-01  1.0094E+02  2.1894E+00 -2.5556E+00  3.3723E+00 ,        12  2.2254E+00  1.0600E+02  3.1239E+00 -2.9433E+00  3.5459E+00 ,        13  1.4842E+00  1.1200E+02  5.1590E+00 -2.7146E+00  3.7684E+00 ,

ge          0         6    117260         2        21 ;        21  9.8154E-01  1.0062E+02  1.8675E+00  3.4215E+00  3.3675E+00 ,        22  2.2621E+00  1.0600E+02  1.4836E+00  3.2939E+00  3.5483E+00 ,        23  2.4460E+00  1.1200E+02  2.0627E+00  2.7724E+00  3.7544E+00 ,

ge          0         6    121488         2         9 ;        13  1.8257E-01  1.1308E+02 -5.3603E+00 -2.4000E+00  4.0261E+00 ,        22  2.4749E-01  1.0706E+02 -5.3163E+00  3.1753E+00  3.5895E+00 ,        23  1.5937E+00  1.1200E+02 -4.3989E+00  2.6755E+00  3.7603E+00 ,

ge          0         6    139237         2         9 ;        11  4.8996E-01  1.0101E+02  5.1147E+00 -2.5554E+00  3.3873E+00 ,        12  1.4429E+00  1.0600E+02  6.1453E+00 -2.4522E+00  3.5536E+00 ,        23  1.0061E+00  1.1276E+02  4.8219E+00  2.4000E+00  3.8439E+00 ,

ge          0         6    143496         2         3 ;        21  6.9006E-02  1.0116E+02 -1.2203E+00  2.4463E+00  3.3785E+00 ,        22  2.1581E+00  1.0600E+02 -8.0664E-02  3.3122E+00  3.5483E+00 ,        23  1.1728E+00  1.1200E+02 -1.6136E+00  3.5071E+00  3.7695E+00 ,

ge          0         6    148377         2        27 ;        11  1.3337E-01  1.0012E+02  3.3025E+00 -2.9681E+00  3.8488E+00 ,        12  1.3396E+00  1.0647E+02 -2.3669E+00 -2.8635E+00  3.5649E+00 ,        13  2.2265E+00  1.1200E+02 -2.4275E+00 -3.1898E+00  3.7505E+00 ,

ge          0         6    155469         2        42 ;        12  1.5456E+00  1.0702E+02  3.9212E+00 -2.4000E+00  3.7453E+00 ,        21  2.5456E+00  1.0016E+02  8.7017E-01  3.3066E+00  3.3381E+00 ,        22  1.8335E+00  1.0600E+02  2.1730E+00  2.9284E+00  3.5409E+00 ,

ge          0         6    158430         2         2 ;        13  2.2179E+00  1.1200E+02  1.5582E+00 -2.5772E+00  3.8376E+00 ,        21  1.0971E+00  1.0063E+02  1.3375E+00  2.9633E+00  3.3701E+00 ,        22  2.0358E+00  1.0600E+02  2.9389E+00  2.6582E+00  3.5588E+00 ,

ge          0         6    173036         2         2 ;        13  2.6599E+00  1.1200E+02 -2.5759E+00 -2.6437E+00  3.7774E+00 ,        21  1.7850E-01  1.0059E+02 -8.8637E-01  2.4324E+00  3.3544E+00 ,        23  1.5202E+00  1.1241E+02 -6.1412E+00  2.4000E+00  4.0152E+00 ,

ge          0         6    186458         2         2 ;        11  4.8381E-01  1.0092E+02 -8.6216E-01 -3.2417E+00  3.3673E+00 ,        12  2.3257E+00  1.0600E+02  7.0334E-01 -3.0192E+00  3.5459E+00 ,        13  2.5790E+00  1.1200E+02  3.8959E+00 -2.9052E+00  3.7778E+00 ,

ge          0         6    242612         2         2 ;        11  6.6009E-01  1.0101E+02 -9.3169E-01 -2.9099E+00  3.3897E+00 ,        12  7.5880E-01  1.0600E+02 -1.2498E-01 -2.5250E+00  3.5597E+00 ,        23  9.9842E-01  1.1281E+02  5.2027E+00  2.4000E+00  3.8954E+00 ,

ge          0         6    243422         2         3 ;        13  8.4532E-01  1.1245E+02  2.6516E+00 -2.4000E+00  3.8844E+00 ,        21  5.8468E-02  1.0117E+02  1.8625E+00  2.4283E+00  3.3792E+00 ,        22  2.9152E+00  1.0600E+02  8.8879E-01  3.5821E+00  3.5493E+00 ,

ge          0         6    246637         2        25 ;        11  1.0622E+00  1.0058E+02  2.8349E+00 -2.9991E+00  3.3556E+00 ,        12  3.1740E+00  1.0600E+02  8.2434E-01 -2.8571E+00  3.5503E+00 ,        22  1.3703E+00  1.0655E+02 -3.3711E-01  2.4000E+00  3.7669E+00 ,

ge          0         6    277301         3        32 ;        21  2.1866E+00  1.0011E+02  1.0137E+00  3.2075E+00  3.3451E+00 ,        22  1.4083E+00  1.0660E+02 -9.7839E-01  2.6755E+00  3.5723E+00 ,        23  2.3177E+00  1.1200E+02 -6.2522E+00  2.6763E+00  3.8308E+00 ,

ge          0         6    284074         2         2 ;        11  1.4470E-01  1.0112E+02 -1.7458E+00 -2.5484E+00  3.3783E+00 ,        12  2.1770E+00  1.0600E+02 -2.1334E+00 -2.9778E+00  3.5429E+00 ,        13  1.4987E+00  1.1200E+02  2.2379E+00 -3.2884E+00  3.7982E+00 ,

ge          0         6    285243         2         2 ;        12  1.5516E+00  1.0689E+02  9.4208E-01 -2.4000E+00  3.7484E+00 ,        21  1.2136E+00  1.0058E+02  2.2248E+00  2.9422E+00  3.3518E+00 ,        22  2.2739E+00  1.0600E+02  1.5092E+00  3.0273E+00  3.5359E+00 ,

ge          0         6    286798         2         2 ;        11  2.3773E+00  1.0082E+02 -6.4559E+00 -3.0870E+00  3.3943E+00 ,        12  3.2242E-01  1.0600E+02 -4.4218E+00 -2.4570E+00  3.5843E+00 ,        23  1.8971E+00  1.1213E+02  1.2752E+00  2.4000E+00  3.9156E+00 ,

ge          0         6    298101         2         2 ;        21  1.4149E-01  1.0112E+02  6.2222E+00  3.4648E+00  3.3810E+00 ,        22  2.9095E+00  1.0600E+02  5.7372E+00  2.9560E+00  3.5462E+00 ,        23  2.3725E+00  1.1200E+02  4.1451E+00  2.9528E+00  3.7572E+00 ,

ge          0         6    303298         2        33 ;        11  1.5368E+00  1.0031E+02 -2.5539E+00 -3.5246E+00  3.3646E+00 ,        12  9.6742E-01  1.0600E+02 -2.2921E+00 -2.6859E+00  3.5587E+00 ,        23  2.4214E+00  1.1204E+02  6.3315E-02  2.4000E+00  3.8392E+00 ,

ge          0         6    342377         2         2 ;        11  1.2278E+00  1.0048E+02 -1.6382E+00 -3.0786E+00  3.3583E+00 ,        12  2.6036E+00  1.0600E+02 -1.6074E+00 -2.8586E+00  3.5439E+00 ,        13  1.7009E+00  1.1200E+02 -4.5473E+00 -3.4427E+00  3.7888E+00 ,

ge          0         6    361065         2         2 ;        11  7.1006E-01  1.0080E+02  4.1319E+00 -2.7833E+00  3.3764E+00 ,        12  2.0689E+00  1.0600E+02  4.4207E+00 -3.1879E+00  3.5519E+00 ,        21  2.1786E-01  1.0083E+02  4.3101E+00  2.4000E+00  3.6362E+00 ,

ge          0         6    376991         2         2 ;        21  6.4802E-02  1.0116E+02  6.5350E+00  3.4589E+00  3.3708E+00 ,        22  2.1833E+00  1.0600E+02  6.5022E+00  3.4751E+00  3.5327E+00 ,        23  3.5018E+00  1.1200E+02  6.5256E+00  2.8159E+00  3.7359E+00 ,

ge          0         6    380953         2        10 ;        11  4.3678E-01  1.0094E+02  2.0203E+00 -2.7545E+00  3.3677E+00 ,        12  2.6056E+00  1.0600E+02  2.1179E+00 -3.0430E+00  3.5373E+00 ,        13  2.4903E+00  1.1200E+02  7.6518E-01 -3.0945E+00  3.7449E+00 ,

ge          0         6    411372         2        13 ;        11  6.8085E-01  1.0086E+02 -3.2474E+00 -2.8336E+00  3.3695E+00 ,        12  2.2624E+00  1.0600E+02 -3.2196E+00 -3.2440E+00  3.5422E+00 ,        13  2.8691E+00  1.1200E+02 -4.8644E+00 -3.1487E+00  3.7569E+00 ,

ge          0         6    415820         2         2 ;        13  8.6646E-01  1.1257E+02  4.1244E+00 -2.4000E+00  3.8414E+00 ,        22  6.5082E-01  1.0703E+02  2.7349E+00  2.6676E+00  3.5663E+00 ,        23  2.5777E+00  1.1200E+02  2.8189E+00  2.8470E+00  3.7339E+00 ,

ge          0         6    417779         2        15 ;        11  6.6551E-01  1.0082E+02  1.1353E+00 -2.4873E+00  3.3817E+00 ,        12  2.0973E+00  1.0600E+02 -4.0654E-01 -2.7883E+00  3.5635E+00 ,        13  1.9250E+00  1.1200E+02 -1.5048E+00 -3.4331E+00  3.7733E+00 ,

ge          0         6    424998         2         2 ;        11  2.0452E+00  1.0078E+02  1.8113E+00 -2.6252E+00  3.3652E+00 ,        12  2.7706E+00  1.0600E+02  9.8262E-02 -2.7058E+00  3.5517E+00 ,        22  4.8651E-01  1.0674E+02  3.1890E+00  2.4000E+00  3.8038E+00 ,

ge          0         6    485550         2         2 ;        13  6.8490E-01  1.1200E+02  4.3624E+00 -3.4326E+00  3.8139E+00 ,        21  2.8241E+00  1.0014E+02  5.8830E+00  2.5486E+00  3.3508E+00 ,        23  3.8866E-01  1.1301E+02 -5.3671E+00  3.3483E+00  4.2249E+00 ,

ge          0         6    492985         2         2 ;        21  1.1703E+00  1.0052E+02  4.0121E+00  3.4653E+00  3.3541E+00 ,        22  2.6658E+00  1.0600E+02  4.6970E+00  2.7052E+00  3.5427E+00 ,        23  1.4476E-01  1.1200E+02 -6.2276E-02  3.5957E+00  3.8564E+00 ,

ge          0         6    501309         2        62 ;        12  1.1449E+00  1.0682E+02 -5.7405E+00 -2.4000E+00  3.7932E+00 ,        22  2.5233E+00  1.0604E+02 -1.4125E+00  2.4139E+00  3.5318E+00 ,        23  6.0943E-01  1.1200E+02 -1.8265E+00  3.5269E+00  3.7637E+00 ,

ge          0         6    514924         2         2 ;        13  6.3162E-01  1.1284E+02  3.7543E+00 -3.0545E+00  3.9433E+00 ,        22  2.5789E-01  1.0705E+02 -2.8701E+00  2.9971E+00  3.5871E+00 ,        23  2.1072E+00  1.1200E+02 -4.1480E+00  3.0900E+00  3.7585E+00 ,

ge          0         6    515917         2        18 ;        21  9.8167E-01  1.0075E+02 -4.5272E+00  3.5719E+00  3.3796E+00 ,        22  3.1190E+00  1.0600E+02 -6.7507E+00  3.1056E+00  3.5715E+00 ,        23  1.3704E+00  1.1200E+02 -1.7724E+00  3.4400E+00  3.8553E+00 ,

ge          0         6    524851         2         9 ;        11  3.6334E-01  1.0099E+02  1.1674E+00 -3.4719E+00  3.3824E+00 ,        12  2.6274E+00  1.0600E+02  1.4739E+00 -3.1091E+00  3.5513E+00 ,        13  1.7956E+00  1.1200E+02  2.6034E+00 -2.4370E+00  3.7771E+00 ,

ge          0         6    568841         2         2 ;        21  6.5552E-01  1.0103E+02  9.5288E-01  2.8867E+00  3.3767E+00 ,        22  2.1354E+00  1.0600E+02 -5.7099E-01  2.9530E+00  3.5517E+00 ,        23  1.3086E+00  1.1200E+02 -1.7507E+00  3.5232E+00  3.7630E+00 ,

ge          0         6    582224         2        40 ;        11  1.8599E+00  1.0026E+02  3.6194E+00 -3.5242E+00  3.3479E+00 ,        12  2.3270E+00  1.0600E+02  3.2626E+00 -3.0650E+00  3.5466E+00 ,        13  4.6583E-01  1.1200E+02  1.4254E+00 -3.1826E+00  3.7740E+00 ,

ge          0         6    585041         2        14 ;        21  5.9322E-01  1.0085E+02 -6.3383E+00  2.8510E+00  3.3837E+00 ,        22  2.2456E+00  1.0600E+02 -6.1795E+00  2.6206E+00  3.5567E+00 ,        23  8.2171E-01  1.1200E+02 -6.8307E+00  3.4429E+00  3.7699E+00 ,

ge          0         6    604340         2        39 ;        13  8.3105E-02  1.1200E+02  6.4713E+00 -3.5710E+00  3.8453E+00 ,        21  2.4121E+00  1.0019E+02  2.5168E+00  3.3423E+00  3.3317E+00 ,        22  1.1486E+00  1.0600E+02  3.4140E+00  2.5413E+00  3.5325E+00 ,

ge          0         6    611802         2         2 ;        11  2.9062E-01  1.0103E+02 -5.6024E+00 -2.7334E+00  3.3895E+00 ,        12  2.5310E+00  1.0600E+02 -4.9740E+00 -3.1252E+00  3.5583E+00 ,        13  1.4572E+00  1.1200E+02 -4.0227E+00 -3.2387E+00  3.7751E+00 ,

ge          0         6    671447         2         2 ;        21  7.5391E-02  1.0116E+02  1.0916E+00  3.0922E+00  3.3813E+00 ,        22  2.4191E+00  1.0600E+02  3.0892E-01  2.7812E+00  3.5461E+00 ,        23  2.0948E+00  1.1200E+02 -3.1127E-01  3.0606E+00  3.7580E+00 ,

ge          0         6    673612         2        10 ;        21  3.7811E-01  1.0098E+02 -2.4617E+00  3.0514E+00  3.3679E+00 ,        22  2.0877E+00  1.0600E+02 -2.0257E+00  2.7003E+00  3.5373E+00 ,        23  2.2103E+00  1.1200E+02 -1.8922E+00  3.3759E+00  3.7440E+00 ,

ge          0         6    694750         2        17 ;        11  8.6051E-01  1.0080E+02  3.5864E+00 -2.8318E+00  3.3679E+00 ,        12  9.3529E-01  1.0600E+02  4.3526E+00 -2.4992E+00  3.5449E+00 ,        23  1.0161E-01  1.1235E+02  3.2869E+00  2.9742E+00  3.8412E+00 ,

ge          0         6    709444         2         2 ;        13  2.0826E+00  1.1200E+02 -3.2723E+00 -2.5557E+00  3.8869E+00 ,        21  1.1615E-01  1.0113E+02  2.5304E+00  3.5107E+00  3.3808E+00 ,        22  2.3378E+00  1.0600E+02  2.2400E+00  3.1237E+00  3.5447E+00 ,

ge          0         6    716855         2        11 ;        11  5.5592E-01  1.0084E+02 -7.0840E-01 -2.8547E+00  3.3718E+00 ,        12  2.5939E+00  1.0600E+02 -1.4963E-01 -2.4419E+00  3.5338E+00 ,        13  1.9317E-01  1.1200E+02  3.0142E+00 -2.4214E+00  3.8601E+00 ,

ge          0         6    717467         2        10 ;        11  3.6544E-01  1.0098E+02  2.0078E+00 -3.1965E+00  3.3846E+00 ,        12  2.4143E+00  1.0600E+02  2.0510E+00 -3.5012E+00  3.5532E+00 ,        23  1.3339E+00  1.1229E+02 -2.1352E+00  2.4000E+00  3.8890E+00 ,

ge          0         6    757769         2        37 ;        11  3.3795E+00  1.0047E+02 -2.8398E+00 -2.7419E+00  3.3625E+00 ,        22  1.3754E+00  1.0692E+02  2.1411E+00  2.4000E+00  3.6950E+00 ,        23  2.9683E-01  1.1200E+02  3.2021E+00  2.9518E+00  3.9236E+00 ,

ge          0         6    759915         2         2 ;        11  1.9185E+00  1.0022E+02 -1.6616E+00 -2.4052E+00  3.3537E+00 ,        12  1.9754E+00  1.0600E+02 -9.5974E-02 -2.4141E+00  3.5551E+00 ,        23  2.1180E+00  1.1200E+02  5.3285E+00  3.0919E+00  3.8978E+00 ,

ge          0         6    799169         2         2 ;        12  1.6911E+00  1.0623E+02 -5.1856E-01 -2.5958E+00  3.5476E+00 ,        13  2.0785E+00  1.1200E+02 -2.6711E+00 -3.0527E+00  3.7563E+00 ,        23  2.5920E+00  1.1278E+02 -4.3967E+00  2.4000E+00  3.9682E+00 ,

ge          0         6    799610         2         2 ;        13  1.9067E+00  1.1265E+02  4.0515E+00 -2.4000E+00  3.8516E+00 ,        22  1.7802E+00  1.0620E+02  6.5121E+00  2.7221E+00  3.5560E+00 ,        23  6.0659E-01  1.1296E+02 -5.9109E+00  3.1555E+00  4.0329E+00 ,

ge          0         6    843376         2         2 ;        13  8.9079E-01  1.1223E+02 -4.8419E+00 -2.4000E+00  3.8674E+00 ,        21  3.4990E-01  1.0101E+02 -8.2187E-01  3.3091E+00  3.3778E+00 ,        22  2.0644E+00  1.0600E+02 -4.3693E+00  2.8993E+00  3.5839E+00 ,

ge          0         6    849999         2         9 ;        11  3.7537E-01  1.0098E+02  3.7542E+00 -2.8689E+00  3.3730E+00 ,        12  3.0400E+00  1.0600E+02  4.3239E+00 -2.6200E+00  3.5423E+00 ,        22  1.2549E+00  1.0640E+02  5.7071E+00  2.4000E+00  3.7570E+00 ,

ge          0         6    861213         2        24 ;        11  1.0754E+00  1.0057E+02 -5.2355E+00 -3.3352E+00  3.3762E+00 ,        12  2.2703E+00  1.0600E+02 -3.7961E+00 -3.0546E+00  3.5653E+00 ,        21  1.4599E+00  1.0120E+02 -6.1446E+00  3.0016E+00  3.8884E+00 ,

ge          0         6    872561         2         2 ;        11  4.4922E-01  1.0093E+02 -1.7532E+00 -2.8776E+00  3.3802E+00 ,        12  2.1024E+00  1.0600E+02 -1.6957E+00 -2.7863E+00  3.5500E+00 ,        13  3.1166E+00  1.1200E+02 -2.8610E+00 -3.4061E+00  3.7597E+00 ,

ge          0         6    940393         2         2 ;        21  7.4464E-02  1.0116E+02  6.1032E+00  2.6067E+00  3.3819E+00 ,        22  2.1974E+00  1.0600E+02  6.2059E+00  2.7929E+00  3.5442E+00 ,        23  3.0556E+00  1.1200E+02  5.5600E+00  2.7129E+00  3.7487E+00 ,

ge          0         6    992802         2         2 ;        12  3.3127E-01  1.0669E+02  5.9171E+00 -2.9783E+00  4.2930E+00 ,        13  1.0091E+00  1.1200E+02 -5.8132E+00 -2.4020E+00  3.8395E+00 ,        22  4.2802E+00  1.0622E+02 -6.2857E+00  2.8446E+00  3.5580E+00 ,

ge          0         7     32151         2         2 ;        11  2.8904E-01  1.0103E+02  1.6810E+00 -2.7825E+00  3.3814E+00 ,        12  2.5072E+00  1.0600E+02  7.8087E-01 -3.2894E+00  3.5522E+00 ,        23  1.2255E+00  1.1296E+02  5.6081E+00  2.4000E+00  3.9264E+00 ,

ge          0         7     38750         2         5 ;        12  1.2625E+00  1.0618E+02  4.8165E+00 -2.4000E+00  4.1354E+00 ,        22  1.1438E-01  1.0713E+02 -4.1969E+00  2.5028E+00  3.5782E+00 ,        23  1.8900E-01  1.1200E+02 -4.0649E+00  2.4156E+00  3.7412E+00 ,

ge          0         7     79890         2        36 ;        11  1.7765E+00  1.0024E+02 -1.0986E+00 -2.7364E+00  3.3587E+00 ,        12  2.6113E+00  1.0600E+02 -1.2095E+00 -2.8046E+00  3.5524E+00 ,        13  1.2516E+00  1.1200E+02  1.6876E+00 -3.0683E+00  3.7880E+00 ,

ge          0         7    107757         2        15 ;        12  1.0729E-01  1.0719E+02 -6.7353E+00 -2.4000E+00  3.7850E+00 ,        21  6.1840E-01  1.0084E+02 -3.4835E+00  2.7211E+00  3.3882E+00 ,        22  1.8776E+00  1.0600E+02 -4.1710E+00  2.9413E+00  3.5640E+00 ,

ge          0         7    110466         2         2 ;        13  2.3730E+00  1.1200E+02 -5.7650E+00 -2.8028E+00  3.8170E+00 ,        21  1.0287E+00  1.0060E+02 -2.6618E+00  3.4609E+00  3.3459E+00 ,        22  6.3588E-01  1.0600E+02 -3.6395E+00  2.5585E+00  3.5344E+00 ,

ge          0         7    112312         2        49 ;        12  2.4400E+00  1.0600E+02  6.5185E+00 -2.7442E+00  3.5616E+00 ,        13  4.9259E-01  1.1200E+02  5.6406E+00 -3.3945E+00  3.7975E+00 ,        21  4.5846E-01  1.0019E+02  6.1401E+00  2.4000E+00  3.3724E+00 ,

ge          0         7    154443         2        14 ;        11  6.3390E-01  1.0083E+02  3.3527E+00 -3.3033E+00  3.3801E+00 ,        12  2.4290E+00  1.0600E+02  1.6311E+00 -3.0969E+00  3.5629E+00 ,        13  1.4870E+00  1.1200E+02 -1.9620E+00 -3.1157E+00  3.8064E+00 ,

ge          0         7    201977         2        10 ;        11  3.4717E-01  1.0100E+02  2.8718E+00 -3.2562E+00  3.3837E+00 ,        12  2.3183E+00  1.0600E+02  2.9838E+00 -3.0122E+00  3.5517E+00 ,        13  2.5008E+00  1.1200E+02  2.9687E+00 -2.8096E+00  3.7576E+00 ,

ge          0         7    219016         2         2 ;        11  7.5692E-01  1.0091E+02  5.0842E+00 -2.7539E+00  3.3638E+00 ,        12  2.5454E+00  1.0600E+02  4.9054E+00 -3.5006E+00  3.5366E+00 ,        13  1.9191E+00  1.1200E+02  5.6901E+00 -3.3804E+00  3.7462E+00 ,

ge          0         7    224917         2         2 ;        21  8.4631E-01  1.0080E+02  4.9264E-01  2.5778E+00  3.3567E+00 ,        22  2.5222E+00  1.0600E+02 -7.0604E-01  2.5388E+00  3.5357E+00 ,        23  2.0403E+00  1.1200E+02 -1.9115E+00  2.6347E+00  3.7464E+00 ,

ge          0         7    250602         2        25 ;        13  4.5109E-01  1.1200E+02  5.2686E+00 -2.7179E+00  3.8887E+00 ,        21  1.5585E+00  1.0055E+02  5.7967E+00  2.9674E+00  3.3500E+00 ,        22  3.6054E+00  1.0600E+02  4.8648E+00  3.2799E+00  3.5362E+00 ,

ge          0         7    276248         2         2 ;        21  1.9340E+00  1.0052E+02 -1.4482E+00  3.1816E+00  3.3492E+00 ,        22  2.3218E+00  1.0600E+02 -1.4232E+00  3.1371E+00  3.5334E+00 ,        23  1.9339E+00  1.1200E+02 -6.5960E+00  2.9205E+00  3.8137E+00 ,

ge          0         7    286340         2         2 ;        21  1.4568E+00  1.0042E+02 -3.2276E+00  2.9661E+00  3.3630E+00 ,        22  2.2208E+00  1.0600E+02 -4.9843E+00  3.4543E+00  3.5616E+00 ,        23  1.4075E+00  1.1200E+02 -4.5363E+00  2.8524E+00  3.7745E+00 ,

ge          0         7    299274         2         2 ;        21  3.0198E-01  1.0102E+02 -3.3193E-01  2.8397E+00  3.3722E+00 ,        22  2.9728E+00  1.0600E+02 -1.0364E+00  3.0256E+00  3.5408E+00 ,        23  1.8322E+00  1.1200E+02 -1.9913E-01  3.0821E+00  3.7515E+00 ,

ge          0         7    310579         2        11 ;        12  3.1884E-01  1.0600E+02  3.1569E+00 -2.4707E+00  3.5494E+00 ,        22  1.3532E-01  1.0653E+02  5.1408E+00  2.4000E+00  3.8386E+00 ,        23  1.4941E+00  1.1263E+02  5.3783E+00  2.4000E+00  3.8438E+00 ,

ge          0         7    316858         2         2 ;        13  2.5194E+00  1.1200E+02 -7.2869E-01 -3.1359E+00  3.8492E+00 ,        21  7.4665E-01  1.0077E+02 -4.1830E+00  3.3628E+00  3.3714E+00 ,        22  1.4216E+00  1.0600E+02 -2.9847E+00  2.7141E+00  3.5538E+00 ,

ge          0         7    322539         2        37 ;        21  1.7940E+00  1.0016E+02  7.6309E-01  2.6062E+00  3.3498E+00 ,        22  2.6383E+00  1.0600E+02  2.0610E+00  2.8322E+00  3.5513E+00 ,        23  1.3149E+00  1.1200E+02  8.0450E-01  2.8600E+00  3.7677E+00 ,

ge          0         7    347290         2         2 ;        21  8.4722E-01  1.0071E+02  2.0365E+00  3.4916E+00  3.3602E+00 ,        22  2.2562E+00  1.0600E+02  3.6154E+00  3.0182E+00  3.5466E+00 ,        23  1.9657E+00  1.1200E+02  6.0390E+00  3.2985E+00  3.7686E+00 ,

ge          0         7    350694         2         2 ;        21  2.0040E-01  1.0116E+02 -4.2445E+00  2.4198E+00  3.3855E+00 ,        22  2.2214E+00  1.0600E+02 -4.0423E+00  2.6591E+00  3.5480E+00 ,        23  2.9372E+00  1.1200E+02 -2.0984E+00  2.7267E+00  3.7637E+00 ,

ge          0         7    410890         2        39 ;        21  1.8002E+00  1.0019E+02 -2.1761E-01  2.6127E+00  3.3409E+00 ,        22  2.4363E+00  1.0600E+02  2.4921E+00  2.4698E+00  3.5576E+00 ,        23  1.0467E+00  1.1200E+02  5.0094E+00  3.2295E+00  3.7951E+00 ,

ge          0         7    412453         2        23 ;        21  1.0166E+00  1.0062E+02  3.4342E-01  3.2773E+00  3.3626E+00 ,        22  3.0080E+00  1.0600E+02  2.5491E+00  2.8571E+00  3.5590E+00 ,        23  1.0329E+00  1.1200E+02  2.8003E+00  2.6696E+00  3.7738E+00 ,

ge          0         7    438792         2         2 ;        21  3.8565E-01  1.0097E+02  1.8461E+00  3.1451E+00  3.3678E+00 ,        22  2.2884E+00  1.0600E+02  2.6306E+00  2.5671E+00  3.5394E+00 ,        23  2.5209E+00  1.1200E+02  4.2647E-01  3.1511E+00  3.7583E+00 ,

ge          0         7    463579         2         5 ;        11  1.0408E-01  1.0114E+02  5.2927E+00 -2.6876E+00  3.3784E+00 ,        12  2.4431E+00  1.0600E+02  5.8585E+00 -2.9135E+00  3.5424E+00 ,        13  2.8437E+00  1.1200E+02  4.1698E+00 -3.2121E+00  3.7545E+00 ,

ge          0         7    464709         2         2 ;        11  2.6739E+00  1.0069E+02 -2.2938E-01 -2.8655E+00  3.3673E+00 ,        12  1.7019E+00  1.0600E+02 -4.4471E+00 -3.1769E+00  3.5981E+00 ,        23  3.3824E-01  1.1226E+02 -1.7084E+00  2.7383E+00  3.8244E+00 ,

ge          0         7    474597         2         2 ;        13  6.6075E-01  1.1200E+02 -3.5671E+00 -2.6065E+00  3.8596E+00 ,        21  5.4412E-01  1.0093E+02 -2.5570E+00  3.5370E+00  3.3647E+00 ,        22  4.0232E-01  1.0671E+02 -4.3911E+00  2.4000E+00  3.5860E+00 ,

ge          0         7    519317         2         2 ;        21  7.0842E-01  1.0079E+02  6.5941E+00  3.0507E+00  3.3764E+00 ,        22  2.2195E+00  1.0600E+02  6.7115E+00  3.0064E+00  3.5516E+00 ,        23  2.0980E+00  1.1200E+02  5.6330E+00  3.1502E+00  3.7643E+00 ,

ge          0         7    551268         2        16 ;        11  6.3218E-01  1.0083E+02 -4.6369E+00 -3.2205E+00  3.3852E+00 ,        12  3.1088E+00  1.0600E+02 -4.9949E+00 -3.0024E+00  3.5592E+00 ,        13  1.5642E+00  1.1200E+02 -3.4848E+00 -3.3795E+00  3.7747E+00 ,

ge          0         7    587659         2         2 ;        13  1.1859E+00  1.1221E+02 -4.1458E+00 -2.4000E+00  3.9237E+00 ,        22  2.1061E-01  1.0715E+02  2.6340E+00  2.8298E+00  3.5748E+00 ,        23  2.9707E+00  1.1200E+02  2.6204E+00  2.8522E+00  3.7378E+00 ,

ge          0         7    620526         2         2 ;        13  2.6374E+00  1.1241E+02  1.1210E+00 -2.4000E+00  3.8235E+00 ,        21  1.3958E+00  1.0061E+02 -1.1493E+00  3.3125E+00  3.3608E+00 ,        22  2.4183E-01  1.0600E+02 -5.7896E-01  2.4605E+00  3.5465E+00 ,

ge          0         7    622001         2         2 ;        21  1.7861E-01  1.0109E+02 -3.7311E+00  2.5487E+00  3.3745E+00 ,        22  2.3209E+00  1.0600E+02 -3.2918E+00  2.9196E+00  3.5399E+00 ,        23  1.4229E+00  1.1200E+02 -3.4934E+00  2.8713E+00  3.7473E+00 ,

ge          0         7    639865         2         2 ;        11  3.3982E-01  1.0100E+02 -5.7996E+00 -3.3319E+00  3.3852E+00 ,        12  2.7049E+00  1.0600E+02 -6.2447E+00 -2.8619E+00  3.5541E+00 ,        13  1.1070E+00  1.1200E+02 -4.4830E+00 -3.2517E+00  3.7697E+00 ,

ge          0         7    644292         2        11 ;        21  3.8140E-01  1.0098E+02 -6.4822E+00  3.3271E+00  3.3638E+00 ,        22  2.6063E+00  1.0600E+02 -6.2884E+00  3.1584E+00  3.5327E+00 ,        23  8.7780E-01  1.1200E+02 -5.7711E+00  2.6201E+00  3.7433E+00 ,

ge          0         7    644515         2       128 ;        13  1.2846E+00  1.1208E+02 -2.8605E+00 -2.4000E+00  3.8854E+00 ,        21  2.5032E+00  1.0000E+02  3.5089E-01  2.6829E+00  3.3814E+00 ,        22  4.6715E-01  1.0600E+02  1.4803E-01  2.4287E+00  3.5938E+00 ,

ge          0         7    650743         2        55 ;        13  2.3139E+00  1.1232E+02  1.3731E+00 -2.9448E+00  3.7513E+00 ,        22  7.0302E-01  1.0719E+02  4.6246E+00  2.4000E+00  4.0817E+00 ,        23  6.0734E-01  1.1249E+02  1.4292E+00  2.4000E+00  3.9665E+00 ,

ge          0         7    668081         2         2 ;        11  2.8550E+00  1.0053E+02  6.4662E+00 -3.0955E+00  3.3615E+00 ,        12  1.4772E+00  1.0600E+02  8.1204E-01 -2.6323E+00  3.6369E+00 ,        22  2.1917E-01  1.0600E+02  1.0587E+00  2.9563E+00  3.8474E+00 ,

ge          0         7    691747         2         2 ;        21  1.2400E+00  1.0047E+02 -3.2795E+00  2.9444E+00  3.3511E+00 ,        22  2.3431E+00  1.0600E+02 -2.8608E+00  2.9301E+00  3.5372E+00 ,        23  1.6542E+00  1.1200E+02 -1.3023E+00  2.5005E+00  3.7526E+00 ,

ge          0         7    716716         2         2 ;        13  2.5840E+00  1.1200E+02 -5.1409E+00 -2.4101E+00  3.8159E+00 ,        21  4.2380E-01  1.0095E+02 -4.0036E+00  2.6437E+00  3.3790E+00 ,        22  8.8478E-01  1.0600E+02 -3.7644E+00  2.4462E+00  3.5486E+00 ,

ge          0         7    721992         2         2 ;        13  1.6883E+00  1.1234E+02 -3.6376E+00 -2.4000E+00  3.8216E+00 ,        21  1.4959E-01  1.0086E+02  6.5621E+00  2.6438E+00  3.9285E+00 ,        22  3.3396E+00  1.0622E+02 -3.8060E+00  3.0519E+00  3.5388E+00 ,

ge          0         7    742926         2         8 ;        11  2.8331E-01  1.0103E+02  1.1086E+00 -3.3266E+00  3.3830E+00 ,        12  3.8834E+00  1.0600E+02  4.7686E-01 -3.5544E+00  3.5509E+00 ,        23  8.9584E-01  1.1200E+02 -7.9941E-01  3.2000E+00  3.8854E+00 ,

ge          0         7    805404         2         2 ;        21  5.4528E-01  1.0088E+02 -2.7470E+00  3.1739E+00  3.3807E+00 ,        22  2.1529E+00  1.0600E+02 -1.7188E+00  3.1893E+00  3.5558E+00 ,        23  1.8676E-01  1.1200E+02 -3.6083E+00  3.5742E+00  3.7720E+00 ,

ge          0         7    807009         2         2 ;        13  3.5748E-01  1.1245E+02 -2.1117E+00 -2.4000E+00  3.8876E+00 ,        21  6.4935E-02  1.0116E+02 -5.1471E+00  3.1379E+00  3.3911E+00 ,        22  2.9443E+00  1.0600E+02 -3.6278E+00  2.9423E+00  3.5616E+00 ,        23  3.3390E-01  1.1314E+02 -2.3495E+00  2.4000E+00  4.0991E+00 ,

ge          0         7    842588         2         6 ;        21  1.7673E-01  1.0110E+02  5.3117E+00  2.6482E+00  3.3769E+00 ,        22  2.9096E+00  1.0600E+02  6.0826E+00  2.5649E+00  3.5433E+00 ,        23  1.8354E+00  1.1200E+02  1.1138E+00  3.4820E+00  3.8218E+00 ,

ge          0         7    842690         2         2 ;        13  1.1704E+00  1.1200E+02 -3.2780E+00 -3.2306E+00  3.8341E+00 ,        21  1.0037E+00  1.0067E+02 -3.4098E+00  2.6070E+00  3.3573E+00 ,        22  1.8737E+00  1.0600E+02 -4.5081E+00  2.6614E+00  3.5402E+00 ,

ge          0         7    859802         2        52 ;        11  2.5380E+00  1.0004E+02  7.6332E-02 -3.2952E+00  3.3955E+00 ,        22  6.9770E-01  1.0620E+02  4.7709E+00  2.4000E+00  3.7219E+00 ,        23  5.5105E-01  1.1200E+02  3.1441E+00  3.4386E+00  3.8215E+00 ,

ge          0         7    875336         2         2 ;        11  1.6440E+00  1.0042E+02  6.0612E-01 -3.4484E+00  3.3518E+00 ,        12  4.0759E-01  1.0600E+02  5.2995E-01 -2.4801E+00  3.5436E+00 ,        23  3.1307E+00  1.1200E+02  3.4237E+00  2.5193E+00  3.8251E+00 ,

ge          0         7    879611         2        38 ;        11  2.1560E+00  1.0019E+02 -2.3358E+00 -3.1175E+00  3.3448E+00 ,        12  2.2943E+00  1.0600E+02 -2.3595E+00 -3.1754E+00  3.5404E+00 ,        13  1.2688E+00  1.1200E+02 -5.9239E+00 -3.1083E+00  3.7860E+00 ,

ge          0         7    905901         2        39 ;        11  1.9050E+00  1.0024E+02  3.0793E+00 -3.2642E+00  3.3413E+00 ,        12  9.1109E-01  1.0600E+02  4.5787E+00 -2.5257E+00  3.5435E+00 ,        23  3.1474E-01  1.1248E+02  6.9404E+00  2.4000E+00  3.8303E+00 ,

ge          0         7    939991         2         2 ;        12  2.6198E-01  1.0705E+02  2.2817E+00 -2.5269E+00  3.5899E+00 ,        13  3.1628E+00  1.1200E+02  2.3619E+00 -3.3710E+00  3.7582E+00 ,        23  5.8284E-01  1.1287E+02 -2.7863E+00  3.2714E+00  3.9120E+00 ,

ge          0         7    949946         2         2 ;        13  3.0203E+00  1.1241E+02  4.7018E+00 -2.4000E+00  3.8421E+00 ,        21  5.3702E-01  1.0095E+02 -1.6621E+00  2.4086E+00  3.3694E+00 ,        22  1.2806E+00  1.0600E+02 -1.9033E+00  3.1613E+00  3.5477E+00 ,

ge          0         8     60054         2         9 ;        21  3.9127E-01  1.0097E+02 -2.7116E+00  2.5737E+00  3.3780E+00 ,        22  2.3951E+00  1.0600E+02 -3.2152E+00  2.5256E+00  3.5474E+00 ,        23  1.4027E+00  1.1200E+02 -3.0487E+00  3.4015E+00  3.7601E+00 ,

ge          0         8    103013         2         2 ;        12  1.8387E+00  1.0616E+02  3.4820E+00 -3.3918E+00  3.5547E+00 ,        13  8.0249E-01  1.1200E+02  2.3402E+00 -2.5889E+00  3.7570E+00 ,        23  1.1501E+00  1.1303E+02  4.4616E+00  2.4000E+00  3.9451E+00 ,

ge          0         8    110008         2         6 ;        21  6.8774E-01  1.0115E+02  1.0296E-01  3.0366E+00  3.3784E+00 ,        22  2.1117E+00  1.0600E+02 -1.2208E+00  2.6423E+00  3.5423E+00 ,        23  2.7499E+00  1.1200E+02 -1.1874E+00  3.3681E+00  3.7469E+00 ,

ge          0         8    193663         2        14 ;        21  5.4771E-01  1.0076E+02  3.4506E+00  2.7038E+00  3.4144E+00 ,        22  2.9426E+00  1.0600E+02  5.8947E+00  2.6609E+00  3.5415E+00 ,        23  2.3956E-01  1.1200E+02  6.9676E+00  2.6265E+00  3.7521E+00 ,

ge          0         8    220257         2        17 ;        21  8.2163E-01  1.0077E+02  2.1924E+00  2.8013E+00  3.3657E+00 ,        22  2.5513E+00  1.0600E+02  1.6021E+00  2.7810E+00  3.5424E+00 ,        23  2.0739E+00  1.1200E+02  5.5452E-01  3.3898E+00  3.7528E+00 ,

ge          0         8    235379         2         2 ;        21  9.8767E-01  1.0081E+02  3.3109E+00  2.6532E+00  3.3698E+00 ,        22  1.4890E+00  1.0600E+02  2.8539E+00  3.1278E+00  3.5479E+00 ,        23  2.8227E-01  1.1263E+02  3.8789E+00  3.2347E+00  3.7716E+00 ,

ge          0         8    238135         2         2 ;        11  3.4056E-01  1.0100E+02 -2.8577E+00 -2.8269E+00  3.3757E+00 ,        12  3.1567E+00  1.0600E+02 -3.0933E+00 -3.3855E+00  3.5443E+00 ,        13  1.9527E+00  1.1200E+02 -2.3986E+00 -3.1102E+00  3.7498E+00 ,

ge          0         8    256664         2         2 ;        11  2.7682E-01  1.0072E+02  5.8513E+00 -2.4193E+00  5.0793E+00 ,        21  3.5804E+00  1.0037E+02  4.8249E+00  3.2476E+00  3.3547E+00 ,        22  6.9838E-01  1.0600E+02  1.8193E+00  2.6568E+00  3.5865E+00 ,

ge          0         8    261228         2        15 ;        21  8.1246E-01  1.0081E+02  1.6462E+00  2.6243E+00  3.3549E+00 ,        22  2.6768E+00  1.0600E+02  2.4530E+00  2.5716E+00  3.5310E+00 ,        23  6.7537E-01  1.1200E+02  1.1841E+00  3.4303E+00  3.7409E+00 ,

ge          0         8    275308         2        35 ;        12  1.0124E+00  1.0720E+02  3.8979E+00 -3.0376E+00  4.0636E+00 ,        22  2.2341E+00  1.0643E+02  5.7355E+00  2.4633E+00  3.5550E+00 ,        23  2.5675E+00  1.1200E+02  6.3914E+00  2.8161E+00  3.7459E+00 ,

ge          0         8    275329         2         2 ;        11  2.1585E-01  1.0107E+02  1.3169E+00 -2.7086E+00  3.3803E+00 ,        12  2.0633E+00  1.0600E+02  1.5251E+00 -3.1524E+00  3.5460E+00 ,        13  2.7537E+00  1.1200E+02  2.7494E+00 -2.5914E+00  3.7535E+00 ,

ge          0         8    302345         2         2 ;        12  1.0743E+00  1.0700E+02  6.0292E+00 -2.4000E+00  3.9847E+00 ,        22  2.6441E+00  1.0690E+02 -2.6724E+00  2.9038E+00  3.5711E+00 ,        23  9.2620E-01  1.1200E+02 -6.1705E-01  3.4186E+00  3.7688E+00 ,

ge          0         8    308604         2         2 ;        21  6.1458E-02  1.0116E+02 -6.4321E+00  3.1204E+00  3.4044E+00 ,        22  2.6564E+00  1.0600E+02 -5.9057E+00  2.6287E+00  3.5680E+00 ,        23  1.9345E+00  1.1200E+02 -3.7834E+00  3.3786E+00  3.7885E+00 ,

ge          0         8    336375         2         2 ;        11  8.6599E-01  1.0070E+02  1.3339E+00 -2.8686E+00  3.3782E+00 ,        12  2.5153E+00  1.0600E+02  8.0415E-01 -3.5478E+00  3.5584E+00 ,        23  1.9675E+00  1.1261E+02 -5.6481E+00  2.4000E+00  3.9426E+00 ,

ge          0         8    359536         2         2 ;        11  1.8430E+00  1.0012E+02  1.5136E+00 -2.9819E+00  3.3547E+00 ,        12  1.1804E+00  1.0600E+02  1.5570E+00 -2.7867E+00  3.5539E+00 ,        22  1.3441E+00  1.0650E+02  1.7172E+00  2.4000E+00  3.7421E+00 ,

ge          0         8    375570         2         2 ;        11  9.4755E-01  1.0097E+02 -5.5128E+00 -2.9431E+00  3.4054E+00 ,        12  1.1783E+00  1.0600E+02 -4.6706E+00 -2.5346E+00  3.5782E+00 ,        13  1.4336E-01  1.1200E+02 -5.8374E+00 -3.2595E+00  3.9020E+00 ,        23  1.5073E+00  1.1219E+02 -2.4671E+00  2.4000E+00  3.8673E+00 ,

ge          0         8    398175         2        37 ;        11  2.8999E-01  1.0120E+02  6.9229E+00 -2.5139E+00  4.3678E+00 ,        22  1.4152E+00  1.0653E+02  8.6121E-01  3.1468E+00  3.5516E+00 ,        23  2.0655E+00  1.1200E+02  2.7042E+00  2.9145E+00  3.7519E+00 ,

ge          0         8    402803         2         2 ;        13  2.4906E-01  1.1317E+02  4.4709E+00 -2.4000E+00  3.9955E+00 ,        21  2.8964E-01  1.0103E+02  3.2670E+00  3.4821E+00  3.3633E+00 ,        22  2.7017E+00  1.0600E+02  2.9697E+00  2.8119E+00  3.5315E+00 ,        23  2.3497E+00  1.1200E+02  4.2889E+00  2.6941E+00  3.7446E+00 ,

ge          0         8    405186         2         2 ;        11  1.0822E-01  1.0119E+02  3.0747E-01 -3.3177E+00  3.8520E+00 ,        22  2.5220E-01  1.0705E+02 -1.8519E+00  2.6511E+00  3.5638E+00 ,        23  2.8640E+00  1.1200E+02 -1.7515E+00  2.7077E+00  3.7295E+00 ,

ge          0         8    421470         2         2 ;        21  1.1453E+00  1.0055E+02  4.8571E+00  3.0031E+00  3.3483E+00 ,        22  3.8212E+00  1.0600E+02  2.7096E+00  3.3582E+00  3.5456E+00 ,        23  7.5233E-01  1.1200E+02  4.2772E+00  3.4123E+00  3.8016E+00 ,

ge          0         8    432387         2       165 ;        11  2.3648E+00  1.0000E+02  1.5137E+00 -2.8263E+00  3.3608E+00 ,        12  2.2936E+00  1.0600E+02  9.9765E-03 -2.6019E+00  3.5712E+00 ,        13  6.6671E-01  1.1200E+02 -2.5618E+00 -3.2515E+00  3.8178E+00 ,

ge          0         8    433793         2        31 ;        11  2.0689E+00  1.0057E+02 -6.4692E+00 -3.5423E+00  3.3844E+00 ,        12  1.5851E+00  1.0600E+02 -3.5415E+00 -2.5554E+00  3.5801E+00 ,        23  7.4852E-01  1.1200E+02 -4.9051E+00  3.2937E+00  3.8782E+00 ,

ge          0         8    468090         2         4 ;        12  1.8024E-01  1.0712E+02  1.0375E+00 -2.5409E+00  3.5853E+00 ,        13  3.6703E+00  1.1200E+02  3.9965E-01 -3.0775E+00  3.7502E+00 ,        23  1.4489E+00  1.1247E+02  2.9967E+00  2.4000E+00  3.9950E+00 ,

ge          0         8    485705         2        27 ;        13  2.3497E-01  1.1286E+02 -3.0052E+00 -2.4000E+00  3.9407E+00 ,        21  1.5976E+00  1.0049E+02  5.5222E+00  2.7533E+00  3.3611E+00 ,        22  3.0368E+00  1.0600E+02  3.7470E+00  3.0902E+00  3.5559E+00 ,

ge          0         8    508042         2         6 ;        11  2.0140E-01  1.0111E+02  5.7688E+00 -3.1216E+00  3.3828E+00 ,        12  2.3353E+00  1.0600E+02  5.2678E+00 -2.6719E+00  3.5487E+00 ,        13  6.2023E-01  1.1200E+02  2.0176E+00 -3.4349E+00  3.7867E+00 ,

ge          0         8    516102         2         2 ;        21  2.4701E-01  1.0106E+02  6.5482E-01  2.8097E+00  3.3661E+00 ,        22  2.3374E+00  1.0600E+02  2.2357E+00  2.5020E+00  3.5415E+00 ,        23  4.0668E-01  1.1200E+02  2.5314E+00  2.9572E+00  3.7815E+00 ,

ge          0         8    526979         2         2 ;        11  1.1075E+00  1.0057E+02 -2.6219E+00 -2.7501E+00  3.3626E+00 ,        12  2.7106E+00  1.0600E+02 -2.4022E+00 -3.2750E+00  3.5464E+00 ,        13  1.7845E+00  1.1200E+02 -4.5970E+00 -2.9885E+00  3.7698E+00 ,

ge          0         8    528787         3        11 ;        21  4.4775E-01  1.0094E+02  2.0794E-02  3.2287E+00  3.3836E+00 ,        22  2.6024E+00  1.0600E+02  3.9776E-01  2.8248E+00  3.5545E+00 ,        23  1.8715E+00  1.1200E+02 -4.7230E-01  3.2778E+00  3.7642E+00 ,

ge          0         8    563358         2         9 ;        21  4.4216E-01  1.0083E+02  3.1884E+00  2.7760E+00  3.3654E+00 ,        22  2.5323E+00  1.0600E+02  2.2228E+00  3.4418E+00  3.5327E+00 ,        23  1.3548E+00  1.1200E+02 -2.5802E+00  2.5540E+00  3.7970E+00 ,

ge          0         8    585413         2         2 ;        11  5.4615E-01  1.0088E+02 -4.5309E-01 -2.9175E+00  3.3782E+00 ,        12  2.2913E+00  1.0600E+02 -8.3535E-01 -2.5153E+00  3.5508E+00 ,        13  2.9502E+00  1.1200E+02  1.8308E+00 -2.9962E+00  3.7750E+00 ,

ge          0         8    608415         2         2 ;        13  3.1664E-01  1.1200E+02  4.6810E+00 -3.4368E+00  3.8595E+00 ,        21  2.5068E-01  1.0107E+02  2.7982E+00  2.8578E+00  3.3813E+00 ,        22  3.7598E+00  1.0600E+02  2.4740E+00  2.7664E+00  3.5468E+00 ,

ge          0         8    657204         2         2 ;        21  4.0591E-01  1.0096E+02 -2.2501E+00  3.2018E+00  3.3766E+00 ,        22  2.5522E+00  1.0600E+02 -2.5271E+00  3.3135E+00  3.5456E+00 ,        23  2.9048E+00  1.1200E+02 -4.0385E+00  2.9193E+00  3.7555E+00 ,

ge          0         8    663546         2        12 ;        11  6.0411E-01  1.0093E+02 -5.8055E+00 -3.4302E+00  3.3847E+00 ,        12  2.0765E+00  1.0600E+02 -6.2023E+00 -2.8435E+00  3.5565E+00 ,        13  2.4442E+00  1.1200E+02 -4.6338E+00 -2.6751E+00  3.7682E+00 ,

ge          0         8    680519         2         2 ;        11  5.7490E-01  1.0098E+02  2.9230E+00 -2.4000E+00  3.5817E+00 ,        13  1.0502E+00  1.1200E+02 -1.3017E+00 -2.7871E+00  3.8114E+00 ,        21  3.3128E+00  1.0060E+02 -3.6701E-01  2.4469E+00  3.3610E+00 ,

ge          0         8    683202         2        19 ;        11  8.5042E-01  1.0070E+02 -4.9232E+00 -3.4534E+00  3.3770E+00 ,        12  2.1836E+00  1.0600E+02 -3.6907E+00 -2.7535E+00  3.5615E+00 ,        23  8.9467E-01  1.1279E+02 -3.8695E+00  2.4000E+00  3.8568E+00 ,

ge          0         8    693614         2         2 ;        12  1.6093E+00  1.0720E+02  6.1038E-01 -2.8068E+00  4.0256E+00 ,        22  2.3940E+00  1.0600E+02  1.6247E+00  3.4793E+00  3.5290E+00 ,        23  9.4124E-01  1.1200E+02  3.1121E+00  2.6428E+00  3.7444E+00 ,

ge          0         8    695035         2         2 ;        21  1.3873E-01  1.0118E+02  5.0374E+00  2.9880E+00  3.3870E+00 ,        22  1.1523E+00  1.0600E+02  1.9173E+00  3.5480E+00  3.5810E+00 ,        23  1.1260E-01  1.1200E+02  5.5180E+00  2.4224E+00  3.9929E+00 ,

ge          0         8    713889         2         2 ;        11  7.2411E-01  1.0078E+02  6.4593E+00 -3.3240E+00  3.3817E+00 ,        12  2.8604E+00  1.0600E+02  6.5485E+00 -3.0406E+00  3.5578E+00 ,        13  6.6687E-01  1.1200E+02  4.2611E+00 -2.5890E+00  3.8012E+00 ,

ge          0         8    736327         2         2 ;        21  1.5705E+00  1.0036E+02 -1.9001E+00  2.8385E+00  3.3393E+00 ,        22  2.0576E+00  1.0600E+02 -1.0444E+00  2.8746E+00  3.5310E+00 ,        23  2.5002E+00  1.1200E+02  2.1169E-01  2.8703E+00  3.7402E+00 ,

ge          0         8    741424         2        27 ;        12  1.3671E+00  1.0653E+02 -2.8683E+00 -2.7820E+00  3.5712E+00 ,        13  2.3248E+00  1.1200E+02 -3.9410E+00 -2.6354E+00  3.7591E+00 ,        23  3.4984E-01  1.1253E+02 -1.1018E-01  2.9911E+00  3.8637E+00 ,

ge          0         8    746798         3         2 ;        21  1.3024E+00  1.0020E+02  1.8396E+00  3.1665E+00  3.3342E+00 ,        22  6.2120E-01  1.0692E+02  2.3891E-01  2.8915E+00  3.5650E+00 ,        23  3.0955E+00  1.1200E+02 -5.4852E+00  3.1177E+00  3.8234E+00 ,

ge          0         8    769078         2        28 ;        13  1.6267E-01  1.1316E+02 -4.3030E+00 -2.4000E+00  4.0684E+00 ,        21  1.2610E+00  1.0058E+02 -2.3120E+00  2.4770E+00  3.3628E+00 ,        22  3.1473E+00  1.0600E+02 -7.9692E-01  2.7869E+00  3.5528E+00 ,

ge          0         8    790836         2        58 ;        11  2.2510E+00  1.0022E+02 -1.3188E+00 -3.5511E+00  3.3629E+00 ,        12  7.1823E-01  1.0600E+02 -3.7171E+00 -2.5913E+00  3.5938E+00 ,        23  1.7860E+00  1.1200E+02  1.9906E+00  3.1277E+00  3.8524E+00 ,

ge          0         8    795995         2         3 ;        21  5.8231E-02  1.0117E+02 -2.9951E+00  3.5368E+00  3.3894E+00 ,        22  2.6172E+00  1.0600E+02 -3.1480E+00  2.6867E+00  3.5540E+00 ,        23  2.0544E+00  1.1200E+02 -3.5185E+00  3.0803E+00  3.7597E+00 ,

ge          0         8    802045         2         2 ;        12  1.2687E+00  1.0653E+02  3.9392E+00 -2.4852E+00  3.5629E+00 ,        13  8.9807E-01  1.1200E+02  6.2398E+00 -2.6241E+00  3.7654E+00 ,        23  3.5360E-01  1.1313E+02  4.9292E+00  2.4000E+00  3.9618E+00 ,

ge          0         8    826968         2         2 ;        12  2.3347E+00  1.0644E+02  4.9366E-01 -2.5628E+00  3.5550E+00 ,        22  4.8365E-01  1.0696E+02 -6.8612E+00  2.4000E+00  3.8885E+00 ,        23  2.0768E+00  1.1232E+02  1.0983E+00  2.4000E+00  3.8223E+00 ,

ge          0         8    840702         2         6 ;        11  2.7145E-01  1.0109E+02 -4.6629E+00 -3.1124E+00  3.3860E+00 ,        12  2.0410E+00  1.0600E+02 -4.7037E+00 -3.1137E+00  3.5490E+00 ,        13  3.4867E+00  1.1200E+02 -5.3471E+00 -3.1139E+00  3.7522E+00 ,

ge          0         8    859494         2        29 ;        11  1.3641E+00  1.0056E+02 -3.3263E+00 -3.2541E+00  3.3851E+00 ,        12  1.0072E+00  1.0600E+02 -3.1797E+00 -3.2823E+00  3.5698E+00 ,        22  2.3563E-01  1.0701E+02 -6.9033E+00  3.3629E+00  3.7157E+00 ,

ge          0         8    864816         2         2 ;        11  1.6026E+00  1.0026E+02  1.9239E+00 -2.9310E+00  3.3648E+00 ,        12  2.1366E+00  1.0600E+02  2.8112E+00 -2.7516E+00  3.5613E+00 ,        13  1.4196E+00  1.1200E+02  3.1380E+00 -2.6623E+00  3.7708E+00 ,

ge          0         8    879284         2         2 ;        21  4.8198E-01  1.0093E+02 -2.0158E+00  2.6349E+00  3.3710E+00 ,        22  2.5512E+00  1.0600E+02 -2.9643E+00  2.9250E+00  3.5446E+00 ,        23  1.1071E+00  1.1200E+02 -4.5005E+00  2.7811E+00  3.7608E+00 ,

ge          0         8    879393         2         2 ;        21  1.6298E-01  1.0015E+02 -5.1282E-02  3.5235E+00  3.3332E+00 ,        22  6.2493E-01  1.0702E+02 -3.0323E-01  3.0846E+00  3.5630E+00 ,        23  4.6079E-01  1.1200E+02  7.3036E-01  2.4757E+00  3.7349E+00 ,

ge          0         8    903193         2         9 ;        21  4.5760E-01  1.0098E+02  1.3514E+00  2.5690E+00  3.3635E+00 ,        22  2.1687E+00  1.0600E+02  5.3323E-01  2.7163E+00  3.5339E+00 ,        23  2.9930E+00  1.1200E+02 -1.5214E+00  2.7974E+00  3.7493E+00 ,

ge          0         8    903468         2         2 ;        11  4.1668E-01  1.0096E+02 -3.2301E+00 -3.0044E+00  3.3904E+00 ,        12  2.2801E+00  1.0600E+02 -4.4613E+00 -3.1260E+00  3.5644E+00 ,        13  3.1718E+00  1.1200E+02 -3.3196E+00 -3.4749E+00  3.7794E+00 ,

ge          0         8    920619         2         5 ;        11  2.2509E-01  1.0107E+02  2.1162E+00 -3.3670E+00  3.3832E+00 ,        12  2.1936E+00  1.0600E+02  2.5726E+00 -3.0510E+00  3.5495E+00 ,        13  2.6736E+00  1.1200E+02  6.4191E+00 -2.9953E+00  3.7965E+00 ,

ge          0         8    928899         2         2 ;        12  1.6809E+00  1.0635E+02  3.3204E+00 -3.1015E+00  3.5677E+00 ,        13  1.1757E+00  1.1200E+02  4.5592E+00 -3.3977E+00  3.7691E+00 ,        22  3.6617E-01  1.0720E+02  4.5513E+00  2.6445E+00  4.1059E+00 ,

ge          0         8    997650         2        16 ;        11  6.1216E-01  1.0084E+02 -1.0198E+00 -2.8500E+00  3.3676E+00 ,        12  2.2882E+00  1.0600E+02 -1.3964E+00 -2.7756E+00  3.5410E+00 ,        13  2.5178E+00  1.1200E+02 -4.1437E-01 -3.2207E+00  3.7521E+00 ,

ge          0         9      6529         2        12 ;        11  4.5409E-01  1.0094E+02  6.5445E+00 -3.2068E+00  3.3728E+00 ,        12  3.3541E+00  1.0600E+02  6.5084E+00 -3.0431E+00  3.5430E+00 ,        13  1.1243E+00  1.1200E+02  6.7893E+00 -2.6625E+00  3.7576E+00 ,

ge          0         9      8151         2         2 ;        11  1.3752E+00  1.0040E+02 -1.1213E+00 -3.0625E+00  3.3702E+00 ,        12  2.7780E+00  1.0600E+02  1.0142E+00 -3.4063E+00  3.5728E+00 ,        23  7.5603E-01  1.1267E+02  4.5060E+00  2.4000E+00  3.9056E+00 ,

ge          0         9     18766         2         2 ;        11  7.2243E-01  1.0077E+02  3.6827E+00 -2.9519E+00  3.3746E+00 ,        12  2.0963E+00  1.0600E+02  3.9881E+00 -2.8633E+00  3.5501E+00 ,        13  1.7421E+00  1.1200E+02  4.8322E+00 -3.3139E+00  3.7562E+00 ,

ge          0         9     22731         2         8 ;        11  2.0148E+00  1.0000E+02  1.9942E+00 -2.7735E+00  3.3460E+00 ,        21  1.6962E+00  1.0117E+02 -2.9354E+00  2.4000E+00  3.6138E+00 ,        22  3.3332E-01  1.0600E+02 -5.2580E+00  3.0053E+00  3.8641E+00 ,

ge          0         9     29393         2        11 ;        11  4.8599E-01  1.0091E+02 -9.4587E-01 -2.8334E+00  3.3840E+00 ,        12  2.2526E+00  1.0600E+02 -6.7229E-01 -3.2953E+00  3.5555E+00 ,        13  2.0198E+00  1.1200E+02 -2.5447E+00 -3.5040E+00  3.7719E+00 ,

ge          0         9     77033         2         9 ;        21  5.2489E-01  1.0102E+02  1.3937E+00  3.5583E+00  3.3733E+00 ,        22  2.5093E+00  1.0600E+02  2.0609E+00  3.3363E+00  3.5418E+00 ,        23  2.5071E+00  1.1200E+02  4.5862E-01  2.6748E+00  3.7560E+00 ,

ge          0         9     80076         2         2 ;        21  2.5727E+00  1.0035E+02 -5.7800E+00  3.2150E+00  3.3570E+00 ,        22  2.9043E+00  1.0600E+02 -4.4010E+00  2.9667E+00  3.5540E+00 ,        23  1.6679E-01  1.1225E+02 -3.7636E+00  2.4901E+00  3.7851E+00 ,

ge          0         9     81545         2         2 ;        21  6.6472E-01  1.0081E+02 -3.8942E+00  3.1185E+00  3.3718E+00 ,        22  2.3442E+00  1.0600E+02 -4.1164E+00  3.0499E+00  3.5460E+00 ,        23  7.7051E-01  1.1200E+02 -4.0234E+00  2.5136E+00  3.7532E+00 ,

ge          0         9     90575         2         2 ;        21  5.9903E-02  1.0116E+02 -4.4964E+00  3.3493E+00  3.3804E+00 ,        22  2.5961E+00  1.0600E+02 -4.9056E+00  3.2989E+00  3.5428E+00 ,        23  8.6149E-01  1.1200E+02 -2.8815E+00  3.5236E+00  3.7625E+00 ,

ge          0         9    105738         2         5 ;        11  1.2439E-01  1.0113E+02  2.3401E+00 -2.4352E+00  3.3794E+00 ,        12  2.6586E+00  1.0600E+02  2.5095E+00 -2.5658E+00  3.5428E+00 ,        13  2.5273E+00  1.1200E+02  3.9747E+00 -2.9153E+00  3.7529E+00 ,

ge          0         9    114631         2         2 ;        21  7.1536E-01  1.0079E+02 -2.2293E+00  2.8028E+00  3.3780E+00 ,        22  3.0317E+00  1.0600E+02 -2.9159E+00  2.8561E+00  3.5544E+00 ,        23  2.1008E+00  1.1200E+02 -5.8844E+00  3.5884E+00  3.7857E+00 ,

ge          0         9    123468         2         5 ;        21  9.7422E-02  1.0114E+02 -3.6379E+00  3.1749E+00  3.3916E+00 ,        22  2.2315E+00  1.0600E+02 -4.3569E+00  2.6908E+00  3.5569E+00 ,        23  2.7794E+00  1.1200E+02 -5.4107E+00  3.2378E+00  3.7651E+00 ,

ge          0         9    173085         2         2 ;        12  7.5816E-01  1.0624E+02  5.0350E+00 -2.4000E+00  3.8138E+00 ,        21  2.2822E+00  1.0012E+02 -8.9671E-01  2.4389E+00  3.3511E+00 ,        22  2.3771E+00  1.0600E+02  1.7565E+00  2.9863E+00  3.5703E+00 ,

ge          0         9    173316         2         2 ;        11  1.2204E-01  1.0113E+02 -5.3182E+00 -2.5936E+00  3.3922E+00 ,        12  2.2541E+00  1.0600E+02 -5.5654E+00 -2.9269E+00  3.5559E+00 ,        13  2.7216E+00  1.1200E+02 -5.0038E+00 -3.0957E+00  3.7603E+00 ,

ge          0         9    190054         2        62 ;        11  1.9151E+00  1.0027E+02 -2.9028E+00 -3.4624E+00  3.3667E+00 ,        21  2.0352E-01  1.0097E+02  3.3707E+00  3.6000E+00  4.0168E+00 ,        22  4.9071E-01  1.0600E+02  1.6298E+00  3.2388E+00  3.7415E+00 ,

ge          0         9    210935         2        21 ;        11  6.8676E-01  1.0033E+02  2.0082E+00 -2.5936E+00  3.3540E+00 ,        22  4.9964E-01  1.0692E+02  3.1650E-01  2.4000E+00  3.6426E+00 ,        23  5.4127E-01  1.1200E+02 -3.3647E-01  2.4408E+00  3.8200E+00 ,

ge          0         9    212643         2        18 ;        11  7.8977E-01  1.0074E+02  4.5539E+00 -2.4834E+00  3.3736E+00 ,        12  1.9021E+00  1.0600E+02  6.9044E+00 -3.2478E+00  3.5691E+00 ,        22  2.1397E+00  1.0611E+02  4.8147E+00  2.4000E+00  3.7837E+00 ,

ge          0         9    216185         2         2 ;        12  1.0656E+00  1.0651E+02 -3.7547E+00 -2.4000E+00  3.7804E+00 ,        21  1.6073E+00  1.0043E+02 -1.2595E-01  3.0268E+00  3.3466E+00 ,        22  2.5922E+00  1.0600E+02 -2.9337E+00  3.0993E+00  3.5579E+00 ,

ge          0         9    244864         2        22 ;        13  1.9104E+00  1.1232E+02 -5.0137E+00 -2.4000E+00  3.8410E+00 ,        21  1.0749E+00  1.0052E+02 -2.0108E+00  3.2474E+00  3.3882E+00 ,        22  1.4468E+00  1.0600E+02 -2.8682E+00  2.7765E+00  3.5545E+00 ,

ge          0         9    266577         2         2 ;        11  1.2390E+00  1.0067E+02 -5.7953E+00 -2.4976E+00  3.3778E+00 ,        12  2.2392E+00  1.0600E+02 -6.7431E+00 -3.1336E+00  3.5626E+00 ,        22  5.9598E-01  1.0630E+02 -5.8588E+00  2.4000E+00  3.7914E+00 ,

ge          0         9    331147         2        11 ;        11  4.5793E-01  1.0093E+02 -1.4115E+00 -2.6569E+00  3.3759E+00 ,        12  2.8859E+00  1.0600E+02 -4.5050E-01 -2.7478E+00  3.5495E+00 ,        23  1.2860E+00  1.1200E+02  2.1251E+00  3.1827E+00  3.8634E+00 ,

ge          0         9    351859         2         2 ;        11  4.3211E-01  1.0095E+02  4.8052E+00 -3.3447E+00  3.3727E+00 ,        12  2.0845E+00  1.0600E+02  4.8004E+00 -3.3199E+00  3.5420E+00 ,        23  3.6522E-01  1.1306E+02  4.2881E+00  2.4000E+00  3.8578E+00 ,

ge          0         9    356860         2         2 ;        12  1.5383E+00  1.0600E+02  1.1774E+00 -2.8961E+00  3.6353E+00 ,        13  5.3400E-01  1.1200E+02 -5.8255E-01 -3.0836E+00  3.8724E+00 ,        21  3.4836E+00  1.0033E+02  3.8415E+00  2.7735E+00  3.3418E+00 ,

ge          0         9    359872         2        32 ;        11  1.6331E+00  1.0033E+02  2.4912E+00 -3.0833E+00  3.3541E+00 ,        12  2.2131E+00  1.0600E+02  1.5882E+00 -2.8653E+00  3.5473E+00 ,        13  1.9413E+00  1.1200E+02  9.7989E-01 -3.1835E+00  3.7539E+00 ,

ge          0         9    385355         2        11 ;        21  4.0205E-01  1.0097E+02 -5.2558E+00  3.3943E+00  3.3855E+00 ,        22  2.2105E+00  1.0600E+02 -5.7674E+00  3.1108E+00  3.5557E+00 ,        23  1.9447E+00  1.1200E+02 -6.2871E+00  2.6874E+00  3.7621E+00 ,

ge          0         9    423471         2         2 ;        11  4.5604E+00  1.0036E+02  3.6071E+00 -3.3003E+00  3.3538E+00 ,        12  2.3634E-01  1.0600E+02  1.8474E+00 -2.4165E+00  3.5764E+00 ,        13  4.8347E-01  1.1200E+02  2.3890E+00 -2.8557E+00  3.8094E+00 ,

ge          0         9    435786         2         2 ;        11  2.0624E+00  1.0063E+02 -3.0675E+00 -3.2098E+00  3.3713E+00 ,        12  9.9791E-01  1.0600E+02 -3.2629E+00 -2.7762E+00  3.5635E+00 ,        23  5.4306E-01  1.1200E+02 -1.6815E+00  3.5260E+00  3.8288E+00 ,

ge          0         9    453936         2         2 ;        11  2.4993E-01  1.0106E+02 -3.1686E+00 -2.9272E+00  3.3859E+00 ,        12  2.1808E+00  1.0600E+02 -2.1518E+00 -3.4564E+00  3.5559E+00 ,        13  2.1789E+00  1.1200E+02 -1.4622E+00 -3.0108E+00  3.7613E+00 ,

ge          0         9    493619         2         5 ;        11  1.3187E-01  1.0113E+02  1.8894E+00 -3.3185E+00  3.3785E+00 ,        12  7.3746E-01  1.0600E+02 -1.3688E-01 -2.5437E+00  3.5590E+00 ,        23  1.7301E-01  1.1200E+02 -1.7940E+00  3.5182E+00  3.8581E+00 ,

ge          0         9    522806         2        18 ;        21  1.0744E-01  1.0033E+02 -5.8649E+00  3.5522E+00  3.7876E+00 ,        22  1.0475E+00  1.0670E+02 -6.3955E+00  3.3641E+00  3.5601E+00 ,        23  2.7957E+00  1.1200E+02 -5.7214E+00  3.2604E+00  3.7393E+00 ,

ge          0         9    525908         2         2 ;        21  6.1010E-01  1.0084E+02 -4.2587E+00  3.0898E+00  3.3734E+00 ,        22  2.0999E+00  1.0600E+02 -3.1944E+00  2.7887E+00  3.5504E+00 ,        23  2.6835E+00  1.1200E+02 -5.4672E+00  2.6049E+00  3.7706E+00 ,

ge          0         9    549773         2         2 ;        21  1.2541E-01  1.0113E+02 -2.6444E+00  2.4479E+00  3.3879E+00 ,        22  2.0824E+00  1.0600E+02 -2.0022E+00  2.9855E+00  3.5535E+00 ,        23  2.9323E+00  1.1200E+02 -2.7295E+00  2.9710E+00  3.7584E+00 ,

ge          0         9    560972         2         2 ;        13  2.1760E+00  1.1200E+02 -2.3607E+00 -2.8847E+00  3.8406E+00 ,        21  1.4299E+00  1.0037E+02 -3.4471E+00  2.4676E+00  3.3655E+00 ,        22  2.0564E+00  1.0600E+02 -3.1369E+00  2.6147E+00  3.5554E+00 ,

ge          0         9    578773         2        20 ;        21  8.8837E-01  1.0069E+02 -3.2740E+00  2.8691E+00  3.3653E+00 ,        22  2.3255E+00  1.0600E+02 -5.1719E+00  3.2134E+00  3.5554E+00 ,        23  9.4510E-01  1.1200E+02 -4.0084E+00  3.4951E+00  3.7697E+00 ,

ge          0         9    584234         2         5 ;        21  1.6367E-01  1.0110E+02 -5.2070E-01  2.9861E+00  3.3760E+00 ,        22  2.4034E+00  1.0600E+02 -1.3078E+00  3.0012E+00  3.5420E+00 ,        23  2.4983E+00  1.1200E+02 -2.5045E+00  2.5130E+00  3.7486E+00 ,

ge          0         9    586853         2         2 ;        12  4.4768E-01  1.0600E+02 -2.7342E+00 -3.4310E+00  3.6614E+00 ,        21  1.8478E+00  1.0073E+02  1.1752E+00  2.8410E+00  3.3506E+00 ,        22  1.2617E+00  1.0600E+02  2.6407E+00  2.9006E+00  3.5445E+00 ,

ge          0         9    600747         2         2 ;        11  6.7327E-01  1.0100E+02 -2.7628E+00 -3.0163E+00  3.3904E+00 ,        12  2.1717E+00  1.0600E+02 -1.8344E+00 -2.5944E+00  3.5636E+00 ,        21  9.0506E-01  1.0120E+02  4.1544E+00  3.3743E+00  3.9203E+00 ,

ge          0         9    614638         2         8 ;        11  2.8763E-01  1.0103E+02 -7.7388E-01 -2.5919E+00  3.3736E+00 ,        12  2.0761E+00  1.0600E+02 -1.5509E+00 -3.0727E+00  3.5427E+00 ,        13  5.3079E-01  1.1200E+02 -1.0757E+00 -2.4247E+00  3.7487E+00 ,

ge          0         9    666140         2         2 ;        13  3.2144E-01  1.1311E+02 -4.7978E+00 -2.4000E+00  3.8724E+00 ,        21  7.2048E-01  1.0078E+02 -4.4402E+00  2.7443E+00  3.3806E+00 ,        22  2.1209E+00  1.0600E+02 -4.4139E+00  3.2432E+00  3.5567E+00 ,

ge          0         9    683693         2         2 ;        21  6.3587E-01  1.0083E+02  6.0330E+00  3.1297E+00  3.3587E+00 ,        22  2.9819E+00  1.0600E+02  6.5559E+00  2.8779E+00  3.5337E+00 ,        23  8.6044E-01  1.1200E+02  5.6790E+00  2.5496E+00  3.7557E+00 ,

ge          0         9    683836         2        30 ;        11  1.2007E+00  1.0057E+02  1.0644E+00 -2.7221E+00  3.3569E+00 ,        12  2.3233E+00  1.0600E+02 -1.0735E+00 -2.8980E+00  3.5547E+00 ,        21  2.7896E-01  1.0120E+02  5.9564E+00  2.6631E+00  4.0456E+00 ,

ge          0         9    697695         2         2 ;        13  8.3427E-01  1.1200E+02  5.7306E+00 -3.3151E+00  3.8775E+00 ,        21  7.3218E-01  1.0079E+02 -5.0946E-01  2.8785E+00  3.3713E+00 ,        22  8.0202E-01  1.0600E+02  2.1964E+00  2.6543E+00  3.5687E+00 ,

ge          0         9    736321         2         2 ;        12  2.0468E+00  1.0605E+02 -4.8182E+00 -2.7105E+00  3.5492E+00 ,        13  2.7577E-01  1.1200E+02 -6.6311E+00 -3.5652E+00  3.7634E+00 ,        23  9.7688E-01  1.1222E+02 -6.2871E+00  3.0445E+00  3.8347E+00 ,

ge          0         9    757704         2         2 ;        21  2.6166E-01  1.0105E+02  5.6493E+00  3.2806E+00  3.3737E+00 ,        22  2.2739E+00  1.0600E+02  4.9065E+00  2.5042E+00  3.5434E+00 ,        23  2.7178E+00  1.1200E+02  5.0098E+00  3.3958E+00  3.7490E+00 ,

ge          0         9    767038         2         2 ;        11  1.3389E+00  1.0043E+02 -2.9159E+00 -3.1145E+00  3.3576E+00 ,        12  2.1477E+00  1.0600E+02 -3.5487E+00 -3.2123E+00  3.5466E+00 ,        13  1.7528E+00  1.1200E+02 -4.7511E+00 -2.8595E+00  3.7590E+00 ,

ge          0         9    781516         2        24 ;        13  1.8976E-01  1.1311E+02  4.8600E+00 -2.4000E+00  3.8740E+00 ,        21  1.0978E+00  1.0056E+02  5.8137E+00  3.3203E+00  3.3658E+00 ,        22  3.7530E+00  1.0600E+02  6.1087E+00  2.9715E+00  3.5490E+00 ,

ge          0         9    793403         2        13 ;        11  5.0751E-02  1.0095E+02 -4.0889E+00 -2.9922E+00  3.8615E+00 ,        22  5.8999E-01  1.0686E+02 -2.6064E+00  2.5868E+00  3.5859E+00 ,        23  2.0188E+00  1.1200E+02 -5.1482E-01  2.6668E+00  3.7728E+00 ,

ge          0         9    819566         2         2 ;        21  4.7422E-01  1.0093E+02 -4.8825E+00  2.4273E+00  3.3830E+00 ,        22  2.8881E+00  1.0600E+02 -5.8449E+00  2.5532E+00  3.5561E+00 ,        23  6.1911E-01  1.1200E+02  1.7271E-01  3.5578E+00  3.8541E+00 ,

ge          0         9    849157         2         2 ;        11  1.9950E+00  1.0005E+02  5.1753E+00 -3.2256E+00  3.3395E+00 ,        12  2.1853E+00  1.0600E+02  5.2686E+00 -3.3677E+00  3.5405E+00 ,        13  1.7582E+00  1.1200E+02  3.5004E+00 -3.1994E+00  3.7554E+00 ,

ge          0         9    917664         2         2 ;        12  5.5658E-02  1.0717E+02  3.4399E+00 -3.4374E+00  3.5958E+00 ,        13  3.2624E+00  1.1200E+02  3.5621E+00 -3.3234E+00  3.7577E+00 ,        23  6.9459E-01  1.1308E+02  8.6128E-01  2.4000E+00  3.9989E+00 ,

ge          0         9    945164         3        13 ;        11  1.3218E+00  1.0053E+02 -1.0325E+00 -3.1679E+00  3.3634E+00 ,        12  5.0284E-01  1.0692E+02 -2.5563E+00 -2.5566E+00  3.5836E+00 ,        13  3.1879E+00  1.1200E+02 -5.1093E+00 -2.8251E+00  3.7752E+00 ,

ge          0         9    961881         2         2 ;        21  9.2943E-01  1.0065E+02  6.2169E+00  2.5355E+00  3.3685E+00 ,        22  2.6650E+00  1.0600E+02  5.9007E+00  2.9204E+00  3.5488E+00 ,        23  1.9013E-01  1.1200E+02 -3.6326E+00  2.8570E+00  3.9550E+00 ,

ge          0         9    963693         2        36 ;        11  1.8155E+00  1.0024E+02  1.0283E+00 -2.7882E+00  3.3487E+00 ,        12  2.4315E+00  1.0600E+02  1.7631E+00 -2.7007E+00  3.5439E+00 ,        23  1.6397E+00  1.1264E+02  3.1874E+00  2.4000E+00  3.8426E+00 ,

ge          0         9    965215         2         2 ;        21  1.9953E+00  1.0023E+02 -1.6472E+00  2.9389E+00  3.3441E+00 ,        22  2.4262E+00  1.0600E+02 -5.4349E+00  3.1422E+00  3.5826E+00 ,        23  1.7124E+00  1.1200E+02 -4.7640E+00  2.7013E+00  3.7943E+00 ,

ge          0         9    992004         2        23 ;        13  1.2554E+00  1.1234E+02  4.4014E-01 -2.4000E+00  3.8355E+00 ,        21  1.4923E+00  1.0118E+02  2.1509E+00  3.2858E+00  3.4848E+00 ,        22  2.8042E+00  1.0600E+02 -2.3109E+00  2.6002E+00  3.5286E+00 ,

ge          0        10     23557         2        11 ;        11  4.4799E-01  1.0094E+02 -5.3754E+00 -3.1699E+00  3.3899E+00 ,        12  2.5813E+00  1.0600E+02 -5.5578E+00 -3.1084E+00  3.5597E+00 ,        23  2.1776E+00  1.1239E+02 -5.5133E+00  2.4000E+00  3.8586E+00 ,

ge          0        10     27458         2         2 ;        21  1.0943E-01  1.0114E+02  2.5820E-01  2.7019E+00  3.3819E+00 ,        22  2.2971E+00  1.0600E+02  9.6903E-02  3.3948E+00  3.5467E+00 ,        23  3.8122E-01  1.1200E+02  2.8113E+00  2.4324E+00  3.7828E+00 ,

ge          0        10     49919         2         2 ;        12  2.0579E+00  1.0664E+02  1.6012E+00 -2.4000E+00  3.6383E+00 ,        13  1.6355E-01  1.1256E+02 -2.0871E+00 -3.4963E+00  3.8245E+00 ,        21  8.8669E-01  1.0020E+02  5.1975E-01  2.4559E+00  3.3587E+00 ,

ge          0        10     57111         2        18 ;        12  1.4311E-01  1.0648E+02  2.4644E+00 -2.4000E+00  4.0482E+00 ,        21  7.3257E-01  1.0077E+02  4.1768E+00  2.4748E+00  3.3509E+00 ,        22  3.2507E+00  1.0600E+02  5.5707E+00  2.8192E+00  3.5332E+00 ,

ge          0        10     75055         2         2 ;        11  6.5925E-01  1.0089E+02  4.0000E+00 -2.9369E+00  3.3685E+00 ,        12  1.8209E+00  1.0600E+02  3.5161E+00 -2.6895E+00  3.5406E+00 ,        23  8.9075E-01  1.1200E+02  7.6995E-01  3.2659E+00  3.8429E+00 ,

ge          0        10     84253         2         2 ;        11  3.7038E-01  1.0120E+02 -8.8924E-01 -3.5697E+00  4.3133E+00 ,        22  4.2162E-01  1.0695E+02 -4.8377E+00  3.2241E+00  3.5778E+00 ,        23  3.3802E+00  1.1200E+02 -4.2739E+00  3.3836E+00  3.7484E+00 ,

ge          0        10    164456         2         2 ;        13  1.0036E+00  1.1200E+02  1.7951E+00 -2.7071E+00  3.8132E+00 ,        21  5.6148E-01  1.0104E+02  4.4503E+00  2.4689E+00  3.3733E+00 ,        22  9.6497E-01  1.0600E+02  5.2896E+00  3.4382E+00  3.5455E+00 ,

ge          0        10    166777         2        14 ;        21  8.4750E-01  1.0088E+02 -3.6352E+00  3.3959E+00  3.3834E+00 ,        22  2.6681E+00  1.0600E+02 -2.6088E+00  3.0375E+00  3.5595E+00 ,        23  1.0449E+00  1.1200E+02 -1.9642E+00  2.5516E+00  3.7809E+00 ,

ge          0        10    182982         2         2 ;        12  1.1106E+00  1.0703E+02  3.1870E-01 -2.4000E+00  3.6788E+00 ,        13  1.2948E+00  1.1200E+02 -5.1051E+00 -3.0709E+00  3.8182E+00 ,        21  2.1186E+00  1.0032E+02 -3.6248E+00  2.4725E+00  3.3627E+00 ,

ge          0        10    273583         2       210 ;        12  1.6039E+00  1.0703E+02 -2.2734E+00 -3.4784E+00  3.5830E+00 ,        13  3.1828E+00  1.1200E+02 -3.8964E+00 -2.9723E+00  3.7599E+00 ,        23  1.4732E-01  1.1320E+02  4.3813E+00  2.4475E+00  4.9056E+00 ,

ge          0        10    283069         2        16 ;        11  9.2772E-01  1.0088E+02 -1.4269E+00 -3.4941E+00  3.3796E+00 ,        12  2.9333E+00  1.0600E+02 -1.9541E+00 -3.0188E+00  3.5534E+00 ,        13  7.2302E-01  1.1200E+02 -5.1362E+00 -2.6015E+00  3.8015E+00 ,

ge          0        10    296130         2         6 ;        11  2.0745E-01  1.0108E+02 -2.5493E+00 -3.3866E+00  3.3853E+00 ,        12  2.0814E+00  1.0600E+02 -2.8831E+00 -2.9922E+00  3.5510E+00 ,        13  2.1884E+00  1.1200E+02 -1.5171E+00 -3.4171E+00  3.7605E+00 ,

ge          0        10    302206         2         2 ;        12  1.4455E+00  1.0611E+02 -1.3687E+00 -2.6302E+00  3.5457E+00 ,        13  7.4847E-02  1.1286E+02 -1.9970E+00 -2.7951E+00  3.7720E+00 ,        23  2.3559E+00  1.1234E+02 -3.2694E+00  2.4000E+00  3.8263E+00 ,

ge          0        10    305855         2        28 ;        21  1.3412E+00  1.0041E+02 -4.3087E+00  3.5495E+00  3.3528E+00 ,        22  2.6488E+00  1.0600E+02 -3.7874E+00  2.8559E+00  3.5429E+00 ,        23  1.5508E+00  1.1200E+02 -3.3754E+00  3.2994E+00  3.7515E+00 ,

ge          0        10    313340         2        33 ;        21  1.6276E+00  1.0033E+02  1.0918E+00  3.1444E+00  3.3482E+00 ,        22  2.1193E+00  1.0600E+02  2.4734E+00  3.4054E+00  3.5452E+00 ,        23  4.9586E-01  1.1200E+02  4.2330E+00  2.6059E+00  3.7593E+00 ,

ge          0        10    322458         2         2 ;        21  1.9213E+00  1.0010E+02  6.6520E+00  2.7625E+00  3.3471E+00 ,        22  2.1186E+00  1.0600E+02  4.9866E+00  3.2058E+00  3.5545E+00 ,        23  1.1637E+00  1.1200E+02  4.9966E+00  3.3334E+00  3.7643E+00 ,

ge          0        10    345631         2         2 ;        11  1.3649E+00  1.0040E+02 -4.2338E+00 -2.5133E+00  3.3708E+00 ,        12  2.3249E+00  1.0600E+02 -3.7002E+00 -2.7024E+00  3.5603E+00 ,        13  1.8064E+00  1.1200E+02 -5.0669E+00 -3.0406E+00  3.7742E+00 ,

ge          0        10    378236         2        10 ;        21  5.8807E-01  1.0101E+02  5.0764E+00  3.1051E+00  3.3617E+00 ,        22  2.1847E+00  1.0600E+02  5.0391E+00  3.5343E+00  3.5296E+00 ,        23  1.8169E+00  1.1200E+02  5.8501E+00  2.5894E+00  3.7387E+00 ,

ge          0        10    380626         2        23 ;        21  1.0481E+00  1.0060E+02  3.2406E+00  3.0072E+00  3.3572E+00 ,        22  2.6656E+00  1.0600E+02  5.2199E+00  2.6762E+00  3.5508E+00 ,        23  4.6740E-01  1.1200E+02  6.9197E+00  3.5172E+00  3.7681E+00 ,

ge          0        10    406757         2         2 ;        13  1.1902E+00  1.1251E+02 -5.1132E+00 -2.4000E+00  3.8680E+00 ,        21  3.0176E-01  1.0103E+02 -5.6250E+00  3.3204E+00  3.4017E+00 ,        22  2.2247E+00  1.0600E+02 -5.0304E+00  2.6187E+00  3.5720E+00 ,

ge          0        10    434089         2         2 ;        21  7.0366E-01  1.0079E+02  6.2820E+00  2.9998E+00  3.3655E+00 ,        22  2.5741E+00  1.0600E+02  4.8562E+00  2.5721E+00  3.5475E+00 ,        23  1.6434E+00  1.1200E+02  3.0313E+00  2.7474E+00  3.7661E+00 ,

ge          0        10    442996         2         2 ;        11  9.3814E-01  1.0065E+02 -3.0756E+00 -2.5924E+00  3.3622E+00 ,        12  2.4851E+00  1.0600E+02 -2.0698E+00 -3.2658E+00  3.5462E+00 ,        13  1.7697E+00  1.1200E+02  2.0176E+00 -3.0079E+00  3.7971E+00 ,

ge          0        10    462853         2        21 ;        11  1.7556E+00  1.0068E+02 -1.9532E+00 -2.6426E+00  3.3818E+00 ,        12  2.2968E+00  1.0600E+02 -1.9542E+00 -3.2932E+00  3.5617E+00 ,        13  1.8565E+00  1.1200E+02  1.1030E+00 -3.2601E+00  3.7949E+00 ,

ge          0        10    508315         2        14 ;        13  1.5678E+00  1.1200E+02  4.3274E+00 -3.0970E+00  3.8395E+00 ,        21  6.3261E-01  1.0083E+02  2.2696E+00  2.4960E+00  3.3537E+00 ,        22  3.0281E+00  1.0600E+02  2.6928E+00  3.1035E+00  3.5288E+00 ,

ge          0        10    513889         2         2 ;        13  1.7491E+00  1.1200E+02  4.8111E-01 -2.8706E+00  3.8163E+00 ,        21  2.7834E-01  1.0113E+02  1.8696E+00  2.8459E+00  3.3641E+00 ,        22  1.4771E+00  1.0600E+02  2.1610E+00  2.6432E+00  3.5277E+00 ,

ge          0        10    533116         2        74 ;        11  9.1274E-02  1.0114E+02  5.0137E+00 -3.2043E+00  3.8116E+00 ,        22  4.9228E+00  1.0641E+02  4.1396E+00  2.6727E+00  3.5408E+00 ,        23  9.2286E-01  1.1200E+02 -1.0379E+00  3.1122E+00  3.8171E+00 ,

ge          0        10    593746         2       165 ;        11  2.5662E+00  1.0000E+02  5.6816E-01 -3.5075E+00  3.3545E+00 ,        12  1.9812E+00  1.0600E+02  4.1595E+00 -3.0150E+00  3.5997E+00 ,        22  3.8542E-01  1.0711E+02  1.1826E+00  2.4000E+00  3.8539E+00 ,

ge          0        10    606619         2         7 ;        21  2.3448E-01  1.0106E+02  4.6541E-01  3.5481E+00  3.3696E+00 ,        22  2.1044E+00  1.0600E+02  7.0110E-01  3.0546E+00  3.5361E+00 ,        23  2.7659E+00  1.1200E+02  1.4017E+00  2.6524E+00  3.7416E+00 ,

ge          0        10    609019         2        17 ;        11  6.3727E-01  1.0083E+02 -5.1905E+00 -3.1707E+00  3.3824E+00 ,        12  2.2548E+00  1.0600E+02 -3.8627E+00 -2.7707E+00  3.5634E+00 ,        22  3.0944E-01  1.0713E+02 -5.7356E+00  2.4000E+00  3.7912E+00 ,

ge          0        10    611148         2        29 ;        11  1.3115E+00  1.0044E+02 -3.3814E+00 -2.8312E+00  3.3804E+00 ,        12  2.4444E+00  1.0600E+02 -3.1740E+00 -2.8932E+00  3.5683E+00 ,        23  9.8826E-01  1.1200E+02 -1.9039E+00  2.5863E+00  3.8686E+00 ,

ge          0        10    621025         2        21 ;        13  2.2412E+00  1.1280E+02  1.5485E+00 -2.4000E+00  3.9823E+00 ,        22  9.8835E-01  1.0662E+02  4.6282E+00  3.4450E+00  3.5703E+00 ,        23  3.0407E+00  1.1200E+02  3.7495E+00  3.1523E+00  3.7534E+00 ,

ge          0        10    621152         2         2 ;        21  2.3936E-01  1.0106E+02 -5.4642E-01  2.6712E+00  3.3590E+00 ,        22  2.1375E+00  1.0600E+02 -5.8327E-01  3.1725E+00  3.5254E+00 ,        23  2.2727E-01  1.1200E+02 -4.0822E+00  3.5890E+00  3.7643E+00 ,

ge          0        10    631030         2         2 ;        11  1.2052E+00  1.0092E+02  4.7604E+00 -3.1561E+00  3.3782E+00 ,        12  2.8845E+00  1.0600E+02  4.8169E+00 -2.6921E+00  3.5493E+00 ,        13  1.9371E+00  1.1200E+02  1.8291E+00 -2.9073E+00  3.7894E+00 ,

ge          0        10    653887         2         2 ;        11  1.5208E+00  1.0082E+02  1.1608E+00 -3.3230E+00  3.3695E+00 ,        22  1.5957E+00  1.0611E+02 -3.0419E+00  2.4000E+00  3.6774E+00 ,        23  9.3218E-01  1.1239E+02 -6.5874E+00  2.4000E+00  3.8879E+00 ,

ge          0        10    665607         2         2 ;        13  3.3047E-01  1.1207E+02  2.2297E+00 -2.4557E+00  3.7382E+00 ,        22  5.7902E-01  1.0720E+02  3.1598E+00  2.7491E+00  4.0145E+00 ,        23  2.9044E-01  1.1292E+02  1.0103E+00  2.4000E+00  3.9620E+00 ,

ge          0        10    681711         2         2 ;        11  1.4855E-01  1.0111E+02 -2.2869E+00 -2.5825E+00  3.3909E+00 ,        12  3.2176E+00  1.0600E+02 -2.5929E+00 -3.3106E+00  3.5567E+00 ,        13  2.1810E+00  1.1200E+02 -5.0947E+00 -3.5876E+00  3.7796E+00 ,

ge          0        10    684997         2         2 ;        11  1.3266E+00  1.0042E+02 -4.5749E+00 -2.9214E+00  3.3576E+00 ,        12  2.5398E+00  1.0600E+02 -4.3162E+00 -3.4342E+00  3.5459E+00 ,        13  1.9131E+00  1.1200E+02 -5.5110E+00 -2.6804E+00  3.7580E+00 ,

ge          0        10    696860         2        28 ;        12  1.2478E+00  1.0660E+02  4.9653E+00 -2.4000E+00  3.7396E+00 ,        21  1.2265E+00  1.0056E+02  3.7969E+00  3.4789E+00  3.3485E+00 ,        22  1.6989E+00  1.0600E+02  4.9124E+00  2.8648E+00  3.5378E+00 ,

ge          0        10    733568         2         8 ;        11  2.8545E-01  1.0103E+02 -5.5278E-01 -3.5677E+00  3.3854E+00 ,        12  2.0667E+00  1.0600E+02 -7.1379E-01 -3.3608E+00  3.5519E+00 ,        13  2.1565E+00  1.1200E+02  7.9081E-01 -3.0615E+00  3.7606E+00 ,

ge          0        10    779943         2        43 ;        13  1.7955E+00  1.1215E+02 -1.3287E+00 -2.4000E+00  3.8024E+00 ,        21  1.8464E+00  1.0015E+02 -1.2388E+00  3.0177E+00  3.3536E+00 ,        23  2.5788E-01  1.1290E+02  8.7634E-01  2.4000E+00  4.0623E+00 ,

ge          0        10    804615         2        18 ;        11  7.8455E-01  1.0075E+02 -1.7560E+00 -2.9708E+00  3.3829E+00 ,        12  2.1473E+00  1.0600E+02 -3.0712E+00 -2.6161E+00  3.5648E+00 ,        13  2.3244E+00  1.1200E+02 -4.8342E+00 -3.3281E+00  3.7790E+00 ,

ge          0        10    873834         2        32 ;        11  1.3370E+00  1.0042E+02 -1.8363E+00 -2.8480E+00  3.3671E+00 ,        21  8.7659E-01  1.0120E+02 -2.6195E+00  3.5178E+00  3.9002E+00 ,        22  1.9737E+00  1.0614E+02 -1.2682E-01  2.4000E+00  3.6832E+00 ,

ge          0        10    885497         2         2 ;        13  9.7429E-01  1.1287E+02  1.6872E+00 -2.4000E+00  3.8248E+00 ,        21  1.6109E+00  1.0075E+02 -6.1369E-02  2.7794E+00  3.3636E+00 ,        22  2.1081E+00  1.0600E+02  3.3665E+00  2.7117E+00  3.5777E+00 ,

ge          0        10    908113         2         6 ;        21  2.7765E-01  1.0118E+02  2.8280E+00  2.8424E+00  3.3961E+00 ,        22  2.6603E+00  1.0600E+02  3.2663E+00  3.5924E+00  3.5278E+00 ,        23  1.1148E+00  1.1200E+02  3.1543E+00  2.5571E+00  3.7367E+00 ,

ge          0        10    917667         2        22 ;        13  2.3293E+00  1.1266E+02 -4.0145E+00 -2.4000E+00  3.8300E+00 ,        21  1.1448E+00  1.0042E+02 -3.7139E+00  2.9553E+00  3.4401E+00 ,        22  1.3120E+00  1.0600E+02 -2.1378E+00  2.6629E+00  3.5394E+00 ,

ge          0        10    935785         2         5 ;        11  1.3189E-01  1.0112E+02  3.8280E-01 -3.1425E+00  3.3718E+00 ,        12  2.0592E+00  1.0600E+02  5.9543E-02 -3.2224E+00  3.5353E+00 ,        13  9.4394E-01  1.1200E+02 -1.0068E-01 -2.4735E+00  3.7408E+00 ,

ge          0        10    950272         2         5 ;        12  1.5631E+00  1.0601E+02  6.5210E-01 -2.4000E+00  3.7821E+00 ,        21  1.3590E-01  1.0112E+02  3.7516E+00  3.3827E+00  3.3745E+00 ,        22  2.8455E+00  1.0600E+02  4.1750E+00  2.7577E+00  3.5401E+00 ,

ge          0        10    961856         2         2 ;        11  2.0466E+00  1.0031E+02  2.0056E+00 -3.3197E+00  3.3493E+00 ,        12  1.7324E+00  1.0600E+02  3.2776E+00 -2.5876E+00  3.5471E+00 ,        23  2.1667E+00  1.1200E+02  1.0679E+00  3.0316E+00  3.8454E+00 ,

ge          0        10    963435         2         8 ;        11  4.0770E-01  1.0103E+02  3.6524E-01 -3.5504E+00  3.3735E+00 ,        12  1.2839E+00  1.0600E+02 -2.4942E-01 -2.5074E+00  3.5454E+00 ,        23  2.9691E+00  1.1200E+02 -5.4337E+00  2.7659E+00  3.8672E+00 ,

ge          0        10    990918         2        26 ;        21  1.1425E+00  1.0054E+02 -2.8081E+00  3.2801E+00  3.3651E+00 ,        22  2.3106E+00  1.0600E+02 -3.3028E+00  3.5005E+00  3.5514E+00 ,        23  1.5243E+00  1.1200E+02 -4.2963E+00  3.0511E+00  3.7646E+00 ,
